hash,decision_tree,rules
007e34735874a3f83d95106bd5778d1a,optimized,optimized
009e206cdd2f1b09d1dd22b8ecf9efb9,probably_optimized,probably_optimized
013ae7fc5925fb3f884bc11dc53593af,optimized,probably_optimized
013f59e351133992cce1f6598aff7b60,optimized,probably_not_optimized
01bb69fe0afad3f850aaa358323684c8,optimized,optimized
01f1e398b7b7a4dac8d8ea2da66fc1f1,optimized,probably_optimized
01f3ae7fc4c60769b1665a19e7d67252,optimized,optimized
02445b05a464fd9349f7e5343a61d49a,optimized,optimized
02790b30c0b4a2a5853ed80b6ec8e4ce,optimized,optimized
02d2879aef1f99e4919cb857680f7c07,probably_optimized,probably_not_optimized
03083af74bd15adfcf13db93f9578e2a,optimized,optimized
04737b3e8f3697f11b16bbef6133ecfb,optimized,probably_optimized
04d5b6f7e01060ecb69e72dc3a638b06,optimized,optimized
054a899464515bee15bc2346bbbac5e1,probably_optimized,probably_not_optimized
0568be6a5a0eacae8e1dd2dc3db387bf,optimized,optimized
060ec4fda36fc1957fb2bea43f75d584,optimized,probably_optimized
06318c1cdc763765c25e3971722b1b5f,optimized,probably_optimized
0647e3130f5c79b2c23983737bd487b1,optimized,optimized
0721e4a85cc26f125e094ab74315df53,optimized,optimized
07ad36075dc5f9800fa4434e3b3b2c14,optimized,probably_not_optimized
07e719246154a3f49ee438d47eaca807,optimized,probably_not_optimized
0893377fc39280fc30deb5ad7e68ffa7,optimized,probably_optimized
08da656dbfce5cb72e88d1e70675ef08,optimized,probably_not_optimized
096915931883cd9761de9fec1ae196ca,optimized,probably_optimized
0a18e63fce7f19472d2ac0e925717c04,optimized,probably_not_optimized
0a4bbc5869aff3b7d619920c2c50cf25,optimized,optimized
0b78ba3a316a2c65bbebb90f89b22b5c,optimized,optimized
0bb5c04e28b54c7c1bbd767574711d4e,optimized,probably_not_optimized
0bc8eb8ba3440a2afdb6efe17cc6b089,optimized,optimized
0c666ea1a98e88ae6e05e4b2c3dc3658,optimized,optimized
0d9e99c48006c48f1a85d6d6a86e3931,optimized,optimized
0dce4a9c744a17e63f0f4b313d7bff3e,optimized,optimized
0f67ae9cb58f05687a0ecb226d02aae3,optimized,probably_optimized
0f728cd6a6516fd00a47a105badcaf14,optimized,optimized
0fc57c4d1306191227b72dc28a4328c0,optimized,optimized
10a42d17d74289560a41bf0fb5e18e9e,optimized,optimized
1105d224d72ea2fad4a05060fca23227,optimized,probably_optimized
1197fc55973c550bbbfb68aba10551ad,optimized,probably_not_optimized
11a06ee8f11afdc5c73724a842e18297,optimized,optimized
11ea6216a9e7ff507b3550b4adadd963,optimized,optimized
1210a64d723d077a1d5ce4da09e623af,optimized,probably_optimized
1258bb4f598b513e2976fff3488d61b4,optimized,probably_optimized
12deb19d6caa2d04e40154d8ce8c92f3,optimized,optimized
13aa895d9a8cf3cd0c38dd2132a8606d,optimized,optimized
1416c8608d34d0e9404fc89121da936b,optimized,optimized
14215d5d8256096c74b03c0be6934e0c,optimized,probably_not_optimized
15b6ab4e190a3730c7bee1460140bfc1,optimized,optimized
15b811f07696efc72a4de6a569003a02,optimized,optimized
15ec967098905bc10d2e3f19d82c38cf,optimized,optimized
169d1d14d8764808ea23409124acdcc2,optimized,probably_optimized
16aba40d202611b8e13ef8f380eaa22e,optimized,probably_not_optimized
16c84cda04b166d0dfdd570f4a6c654a,optimized,optimized
174c231f95962c78413e2f80aa84b4e4,optimized,optimized
18904f7b3f7c066a5156223958822d1a,optimized,probably_optimized
194c6114f75f0a2bd43cd9af5fedae91,optimized,probably_optimized
1950034552c371cfe35b4681326f4fd3,optimized,probably_optimized
195e87972970a1ec6ee8ab35a9c45952,optimized,optimized
19f06239ff2b6a898b90a7a05636a50c,optimized,optimized
1a0bb543a95aea3cf0b2b608a9f34d6e,optimized,probably_optimized
1c1d93b0338cd73ae25bfb1143e79055,optimized,probably_optimized
1cba6c4d6be14ce5bcdac788f4853507,optimized,optimized
1ce4680b7c567a9ef0e4d77652aa8bc9,optimized,probably_not_optimized
1cf893c5f94b9c7dc021d52323cdf286,optimized,optimized
1da8c77fc507a9c92dbdc3150fa4c1dc,optimized,probably_optimized
1dc58674eba69686cd47b1b6e85f00af,optimized,optimized
1e7ff8123f334951c787d78dd8b144cd,optimized,optimized
1ec9721e94e81e1a37272a5a9bfb04e0,optimized,optimized
1f00f5bb8764f1b6ac2010972c3ccaef,optimized,probably_not_optimized
1f31dcc01ca9e2ea82414fd621ec2a2a,optimized,probably_optimized
20bc83af7fe97e199aa7f04ee5ed0307,optimized,optimized
20cf74485a9553c5d7debf74f61345f0,optimized,probably_not_optimized
22ffe9a356a261c32f1ac52c23cd629c,optimized,optimized
237e8faf6675ebf72a5ed366b6965918,optimized,optimized
23ec6aaba9e73970055995c560d479ca,optimized,optimized
253bc2d25f80b1898cc2146269c6aa0d,optimized,probably_not_optimized
259bf121a3fddee08ed994f17088ada5,optimized,probably_optimized
25b515a6adfb5ea0ec2308756475bf13,optimized,probably_optimized
2650e579ae7b0157067079650f0d54e5,optimized,optimized
265f22d14d8af8f2380238f944e28896,optimized,optimized
266ff4872bcb1bc45514f31a5c532517,optimized,optimized
26d5b2bfac162b407c5b76946f4ae93c,probably_optimized,probably_not_optimized
28207da1927c88e74dc157b94110ea6b,optimized,probably_optimized
28e9492387cf8c1acfde41625fff2ff8,optimized,probably_not_optimized
2932b09f1126cc207301d9adf3fe3ff0,optimized,probably_optimized
293e2a2c431d14818503e8962b7676da,optimized,probably_optimized
29b6d1a64d85bae354008813a37a34b6,optimized,probably_optimized
2a10745f085cb8b909583134222860aa,optimized,optimized
2a1fb13811f159aca3f23077d31c4c0d,optimized,optimized
2a80cf66e934aa1848a2621466dde9d2,optimized,optimized
2ade4224cd608604e82dc0d28fc442f1,optimized,probably_not_optimized
2b06cc87d838ce4f30e4a72f380193e4,optimized,optimized
2b4ef262bdd59713ebbda809449ec29a,optimized,optimized
2be90a04d73ce27b465bc256e805b93f,optimized,probably_not_optimized
2bf14adf78111d17b44902de371aa33a,optimized,probably_optimized
2c05d61829cb34cd73ae8d7c9e81256c,optimized,optimized
2c4dc61eac778fdcbe9b1d237c48ba56,optimized,optimized
2c961f3ed85e9971f4198eec6df18cf7,optimized,probably_optimized
2ca486447a4f79113d0bad0781459ea4,optimized,optimized
2d041b06bdaee1acfa372c0624cd38ee,probably_optimized,probably_optimized
2d363db31569194294f82ee048c37129,optimized,optimized
2e2e0f1623a1a8e477d4328cdd336532,optimized,probably_not_optimized
2eb00775509cf21d818b15c0c5829941,optimized,probably_optimized
2ec6d3bea08d3d260bb57b67add83332,probably_optimized,probably_optimized
2f5f1d2ec7de7cb776f8bf7367c24987,optimized,probably_optimized
2fb1ec2906626f4029607ec566a6f04a,optimized,probably_optimized
301609297dd10632c178ea2afb7d26c1,optimized,optimized
31201ab63c957551cca3e1a598ea1a10,optimized,optimized
3150809595ca2e402e673aad5ecf8fdf,optimized,optimized
31d923fcb3b47c8415703fbe5937c758,optimized,optimized
31fdf46f257d25257420bf6a921f6503,optimized,optimized
330d1cb5a93655280a4a795793260f2b,optimized,optimized
33d7bf82fc1c98b5ece0e104093beace,optimized,probably_optimized
33db296a1448fe33dcafa8eca9e81cd3,optimized,optimized
340fb9fe4d0f49904322d95efbceffae,optimized,probably_optimized
34a36e059f160e3ee3b177d03a05ff43,optimized,optimized
34a78e50473e39734054399f305cbde0,optimized,probably_optimized
34ca653d87bb76c4998b2695aabff4c4,optimized,probably_optimized
34d764d31dd09586c66cfc9ff353ab3a,optimized,optimized
34d82a293d6900a1f2e0874ab6f881b6,optimized,optimized
352127920262380d7fabcfd0911bff96,probably_optimized,probably_optimized
35373a23b6f013004802888f9cf883eb,optimized,optimized
355f7d2eef3538ab91dd5d7998edaddf,optimized,optimized
35ec160da5a60911d2e860db0d695c16,optimized,probably_not_optimized
367861d4122aafbab092657309157802,optimized,probably_optimized
36bbfaba4303270fd10398b246fe9b8b,optimized,probably_optimized
37357a7f1e72f2bcaa0546829b9a77c6,optimized,probably_optimized
373d07d90bdc8e90c7951d168ea75d44,optimized,probably_not_optimized
37f1b3dfc1270cb2898b851118c8186d,optimized,probably_optimized
38f77da00de0afd210340bd2e94cb62c,optimized,optimized
398ef51cb2a9e0b8f63dd803857481d8,probably_optimized,probably_optimized
3b8fa27dabd062dac3cbc7eb84b74496,optimized,optimized
3b90795b3fead6eaa67a9192b54a363b,optimized,optimized
3bc57d4e4649bd75317a22fec82a467e,optimized,probably_optimized
3c4642567c84509d55a0b85a2bc0ac48,optimized,optimized
3caad27e5dc17f52f5ba9c103b812315,optimized,probably_optimized
3cb54cc7578492715782dc66f44c48bc,optimized,optimized
3dce4347c7586c7d92edad1d4315e32b,optimized,probably_optimized
3e2545b34e53ac520510651f046d7776,probably_optimized,probably_optimized
3ea75017a1afb7a68cb7bb1e0babea22,optimized,optimized
3fe1a6ef32e2a54ec01c0ea6b0dc4896,optimized,probably_optimized
40144e2d98ad309a71d05450b9f132d2,optimized,probably_not_optimized
401bd1bf71d1841d96487a2acaa3d424,optimized,probably_optimized
4037e1397d63525ce27682fd7e1798f7,optimized,probably_optimized
4051f153f533704a9b4d92f9c441d408,optimized,optimized
40544dbf1f3f164a47ab6914524c056e,optimized,optimized
4077be40fc2ab35110a132bdcc1c4ff3,optimized,optimized
413db097c14d902b7fecf605764102f2,optimized,optimized
4164dcc30eb1a69359378e0b4d173f1a,optimized,probably_not_optimized
41ca745871fb400f6c9501afcd554511,probably_optimized,probably_optimized
41cdf01f6a0cffc9c57952c1353a7ebb,optimized,optimized
421ddc61eeb12ae4dd0565fda83e0913,optimized,probably_optimized
449c585d01a6ac56ce9e63f6953820ea,optimized,optimized
44dba0db2e828dbedadb066b9213c6f6,optimized,probably_optimized
4520f319b1cbcc16b8438cdddffaa567,optimized,optimized
45ce5e62f6983b95a0b981b977b779f4,optimized,probably_optimized
4676d21005f9747755177c8702792447,optimized,probably_optimized
46e8fe37d4f8f9f1e9ed8df018930605,optimized,optimized
473ee8fde1e3ce5eb4fde40aee42c1c9,optimized,probably_optimized
4762340fea5be72a4bd98b921e1a148d,optimized,optimized
479ae833e07a6771c980e8744e0f81be,optimized,optimized
4805169b5a6236041551a2246fca6448,optimized,probably_optimized
4809c10b029bdbd3fe1cbbfe6df7de06,optimized,probably_optimized
48272218e4504db22fa0475cebbc06cb,optimized,probably_optimized
48dedc4649a9c5d50edb683eab71aba2,optimized,probably_optimized
49c2168df7e687c22d62d3d529e96649,optimized,optimized
49e6766b46d766c7ea55a1dd6c103b85,probably_optimized,probably_optimized
49f8934fb55b72e7bc779d2a2aff0bb2,optimized,optimized
4a896c7c109ac58c3dbbc7e8ed44cd68,optimized,optimized
4ab7eec398642442c25676fcbdadffc1,optimized,probably_optimized
4bfc47e8a050ecb86e97612067ccf904,optimized,probably_not_optimized
4c5546011fbf376b168ded92f4b3f9b0,optimized,probably_optimized
4ce3dde187817bc8d092e1711caf8180,optimized,probably_optimized
4d206e82c9a289b3735989617968c96a,optimized,optimized
4dd7f04dc8bc14a6ea552ea1bcc19dbc,optimized,probably_optimized
4e1aa8c58a140aaf9008fa406db30aca,optimized,optimized
4e37a069efff9824f5b4b1e983649230,optimized,probably_optimized
50c08d691745feda8790011f7b39e2e7,optimized,optimized
51405a79f35331acab0b43c6b4bfa47e,probably_optimized,probably_not_optimized
52f1a0ab48f2eab1a120f8f16c68a253,optimized,optimized
536054a4ced989ae380fc3e21f21cd15,optimized,optimized
539d4f6cad604f338f55245c4bb2a394,optimized,optimized
541a848313065f5185d25726dd5be752,optimized,optimized
5442c8da6f6b562891b8f0fcd8830edf,optimized,probably_optimized
54d9d89be1831c6362215cd7fb6ed590,optimized,optimized
55029d0c7da0c40416b34de27b8d8f42,optimized,probably_not_optimized
5578759a04b75926257248334c2dfe41,optimized,probably_optimized
55d3c88470a1486cdc7a533e6fa35a93,probably_optimized,probably_optimized
5648942afd18485492b7f1139e521fcb,optimized,optimized
5659f4497e0d5d4d44946a04d0c07607,optimized,probably_not_optimized
568716acb138227fff7f87ca65fa8f30,optimized,optimized
56fc98187dbb5cc90bad5183aa2c8b85,optimized,optimized
5769de209681bd2c360f08f159ec62ad,probably_optimized,probably_optimized
5860488186a6f6a97930036090dc5323,optimized,probably_optimized
592e83c4237ea2d27ceba3ead81d76d4,probably_optimized,probably_not_optimized
597317452e1de177d812fc96a299c5c6,optimized,optimized
597ded688436f68b0565ba96f4b9c564,optimized,probably_not_optimized
5a6c44dc1b9b746b50dd6568f7d0da00,optimized,probably_optimized
5aebd6f815336153c9e8ca8a3b74e703,optimized,probably_optimized
5b0f98a1151e7b6833ff3a2fbaffed60,optimized,optimized
5b309d9bd6bc9317a949bfc96b1a1b92,optimized,probably_optimized
5bc9bc6a8fe9f6b6a4e19890690781b3,optimized,optimized
5bdb7c2b06eeb609cb2a04d09bc0f53c,optimized,optimized
5c0593f6caa43277ec78ef5a7536de48,optimized,optimized
5cdbeb994471422d640adcb5ee669fe3,optimized,optimized
5dd1e142709a4bb3d98333ff1b71802d,optimized,probably_optimized
5e46f11bf94eaf42b30a269a63935b1b,probably_optimized,probably_optimized
5ea9f220de01bb0d91708a68a9b65f33,optimized,probably_optimized
5eb366d5142bce4d074ffbd1bba3ae21,optimized,probably_not_optimized
5fdc9bb4c3b9505545fd692d0c5bdfd6,optimized,probably_not_optimized
60b0a77e5de9b6963848a7c508859853,optimized,optimized
60ca24df96ff107a436d72c285f1ab43,optimized,optimized
61041e0fb029504f98b77e806a4cc5ba,optimized,optimized
6131fd4be42a6e73a5a370d2c3ad66f7,optimized,probably_optimized
61507256f4681919f8bbc62158496a47,optimized,probably_optimized
62b8422ce7d139de6f2bf0b160c7596a,optimized,probably_not_optimized
62c45dc66c88a916358b0f7884cabb45,optimized,probably_optimized
639fc5bb475e1a3711f3780a55a37d0d,optimized,probably_not_optimized
6446a0cea5fd0e72159c963edcfc4684,optimized,probably_optimized
646d75fc5736696086193d135930c41f,optimized,optimized
647568b1e25c35143e8bb4ec0b099401,optimized,probably_optimized
66ce6800ed49c843040f8c6aeb44cfb7,optimized,optimized
66ece8ef7f556ed878e18ce96178dadd,optimized,probably_optimized
67a7ca625e8678f4bd9780baf30b53d0,optimized,probably_optimized
68735a5830f076e35628a02836594277,probably_optimized,optimized
68985f2ac49e4617e5f685e9e0f6af09,optimized,probably_not_optimized
6943448f18954517d2205061781ead14,optimized,optimized
6980b74e8ff481ecc4f357b7b202d7b8,optimized,probably_optimized
6a0f0fe26fb8b7dc081c86f1d216c0a3,optimized,probably_not_optimized
6af1d6ada0e9fa5dd7ae97f1b87115b5,optimized,probably_not_optimized
6b0195fbbf990bfaf86441b8230adbc4,optimized,probably_optimized
6b53702864dc2831381a2c6cd0f2699c,optimized,optimized
6ba09d6e3b2e52c25faa5fdf21d21f57,optimized,optimized
6bed104b0ca5b7c531b8c73ef77a2961,optimized,probably_optimized
6c514a7fefdcaf4a5f39c77a84c6a019,optimized,probably_not_optimized
6c85527df4dab09a2deebbac57f4b5c5,optimized,probably_optimized
6cfe5bc7790216a3b2c70929214bb335,optimized,optimized
6d6fe74465a0ca09c65d1b3e4b7c218c,probably_optimized,probably_optimized
6db51b51cac747441606fe2d6472bfdb,optimized,probably_optimized
6db643d940fe4969e36db77f1f5fe8fd,optimized,probably_optimized
6ddee4ecc49c9565a50817e7b8f89bd3,optimized,optimized
6e24f4b47ff49e976e7d92c1c4127009,optimized,probably_not_optimized
6e526330a51998d5cb56bfc42f732c8e,optimized,probably_not_optimized
6f343c84bb090fcf19697a8781da0041,optimized,probably_optimized
6f4a8eca6d5091dfbfcbb3e579891c63,optimized,optimized
6fa2deec7884247e3aefb8267b55c75d,optimized,optimized
7080fc6ff5795351503fb2c9d11c0757,optimized,probably_optimized
70a301606b679746e6e9d159c27f602d,optimized,probably_not_optimized
70b5aaad3c368ae7fae6faa0ff5de64e,optimized,probably_optimized
716db9de66d96cff2b4efaeb920266ca,optimized,probably_optimized
717056352f002a8b87a68cb5e8a818b1,optimized,optimized
71a1e487395a83088f9dba68869a6944,optimized,probably_optimized
71de2fafb1193d9853e5f57e425ec824,optimized,optimized
720d315cb35709e40f852c904989faef,optimized,probably_optimized
729d3b489b37493645ce33de29de5a00,optimized,probably_optimized
734cdcdd8015036ad049600d8c6aec12,optimized,probably_optimized
73981098b2e636b313b9d7927e83cdee,optimized,optimized
73ed2d9c226cf447e33fe37e69cec130,optimized,probably_optimized
740880357ff2394a3f91bccbf4666658,optimized,probably_not_optimized
7439863b700763e3d722693e2546cc4e,optimized,optimized
7440662a7e362bcf4cd4384492a5742e,optimized,probably_optimized
745f97c4f6c31f5f5025dab88d1ba2ea,probably_optimized,probably_optimized
7595751e5fc7436d9c08c4c7bf6333d5,optimized,optimized
75a4d674483dce6f8cdfce6e6165308f,probably_optimized,probably_optimized
75cbe23181dd49ae39b63025b2b1e236,optimized,probably_not_optimized
768e2f19a41d7f6bfc99790db26c6c29,optimized,probably_optimized
77443a447f51b9dc7fc3a316bac19f7c,probably_optimized,probably_not_optimized
77a1606f9476c6984f27456489b7a63f,optimized,probably_optimized
7880b917b7f6460309db9ef1b7028a38,optimized,optimized
78c7d75c295c8893369ff6d28bb86239,optimized,probably_optimized
79056c125e3ed3e3b487b415ac5573df,optimized,probably_optimized
790e61b66e8d13ca4cefd322063797f8,optimized,probably_optimized
7975c0aae8529797e90fb60f7eb3e7dd,optimized,optimized
79c18c01c77f7bd6483ac6a0192e1486,optimized,optimized
7a57b58131b3a6684a6ec416c46a032e,optimized,probably_optimized
7ab9730e4a5188a1b9022602a4173b02,optimized,optimized
7b45e89151ad655e0d5b140dda385489,optimized,probably_optimized
7ce11e8c2f9c873c839fab04b8d563eb,optimized,optimized
7eb05b35003ae0c55db2a9bc367dce7c,optimized,optimized
7fecbbe5e7943b0cf9e30985c2403bf0,optimized,probably_optimized
80831bb525ec9a0b29084acb723bf743,optimized,probably_not_optimized
80d7b18f1f0e1df679bcae0a80925d9f,optimized,optimized
813515639cbae3d2022bf42e4199d920,probably_optimized,probably_not_optimized
814dd57936842faa81aae0fd39e66108,optimized,probably_optimized
818ec412bf7e95c6d039fbdac1fd9f4e,optimized,probably_optimized
81f81919e635738187094bcae5e85bcb,optimized,probably_optimized
82600f063baed5adf248b1f5c4316981,probably_optimized,probably_optimized
8289ca1047a490784a1cf1d0bd33db61,optimized,optimized
82ade2818e6e64fb855fe85f063a6e3e,optimized,probably_optimized
82ed3d9e756bd7ed3e314d97cd307781,optimized,probably_optimized
8552e9290354ef99832981c672761559,optimized,optimized
857e044fa07d22ebbca344124a573b5b,optimized,probably_optimized
8593a8d505b0c73f3ca1178aa838687d,optimized,optimized
861336cbd842362e36a331c769a061a7,optimized,optimized
868112d9c00b12540dd1f181b97f907f,optimized,optimized
86a4b211fc2fa1630979ecee0046905f,probably_optimized,probably_optimized
86fea729205a800541646a44328e8362,optimized,probably_optimized
87cecd347b4ddf7e0e1b8dca50574d39,probably_optimized,probably_optimized
87e8c83cf96844cd72bdb286d706b544,optimized,optimized
889539c66a8cbcf6b118579d1eebe618,optimized,optimized
89350c17c9be3ff431dab3bdaefd3d24,probably_optimized,probably_not_optimized
893d6802049d06c5da78e5d2f866c253,optimized,optimized
8a15593495bcc6ed7c48cad91f5252aa,optimized,optimized
8a67589689c054c344af0648df42ae51,optimized,optimized
8a68d114ef79bfcf17516a8d44fb0cb9,optimized,optimized
8a6cd8ce0626b84d52f17ffc2fb2abf6,optimized,optimized
8af2bc090b468975af68d6cc60732d2f,optimized,optimized
8be4f668c79e40d982ae8e8f5f9d1e05,optimized,probably_not_optimized
8be576e6a81711e898c17c9a205f64e7,optimized,optimized
8bf0dc30fefe5c7cad6c6b7a6094f890,optimized,optimized
8cd72d6e9ed1d40222dbea7cc205494d,optimized,probably_optimized
8d0580d77d32f0012089aa6330d64bf0,optimized,probably_optimized
8d8786177e0f6efe23e901acfa93d918,optimized,probably_optimized
8dc216dafbf70513807e3fa0a0509e97,optimized,optimized
8dd4fba022423db280300eee3e68d207,optimized,optimized
8e2de78a0ef2174bce55e4edf9df5c3f,optimized,probably_optimized
8e37f6b7c11778b21a452004cbdfbfc8,optimized,optimized
8f42f06bf20d94ad058a2f07dc8e504f,optimized,optimized
8faec30487dc7d43d757ba8af9c9036b,optimized,probably_optimized
90392992b9980eedb1d88c0485b4bfdd,optimized,optimized
91a23812a9c70f6a092b9eb36d76ada8,optimized,optimized
91f63cd14720388843231ea725363711,optimized,probably_optimized
92797a1c937f7416df35bf3c5cc31af8,optimized,optimized
928cf4d07e384d3d58b1b5b1a7b8c960,optimized,probably_not_optimized
92fbf70c98bf97829ee5591bc092f4c7,optimized,probably_optimized
931b2cbe5e273666808927f05aa96e5d,optimized,probably_optimized
93ff286201186e2d6aa6ab7612400584,optimized,optimized
9480b2b329aed950e5202271eacaa5cd,optimized,optimized
94a7d8feda7466bb0f0e6630c382f665,optimized,probably_optimized
94d2ab0cc4716db31da09bb6b6cdd2c2,optimized,optimized
959aaa0a9cc0dc94f96149ba0f1c551f,optimized,probably_optimized
95a9e4a0c76999e5a2d0af7ede7f7f90,optimized,probably_optimized
95d1566f6275b9989e5e9c35fb73be5e,optimized,probably_optimized
961052af481e605370fa4ff72cccba0a,optimized,probably_optimized
968d0326ffe5978dff6f120588d03fe1,optimized,optimized
9699e803772e9ded99f3ea7877240b2e,optimized,optimized
96c2cdef62f3063f998e50a2239df1e0,optimized,probably_optimized
96c5b490e96440bf64c03d7ee91d3f18,probably_optimized,probably_optimized
96cb7563c38b445c12516ffdf94deb03,optimized,optimized
970add47dcb54f8549ad2fdcc3ab7c69,optimized,optimized
972aec73c9f205e707a652887e2745cd,optimized,probably_optimized
972e5b1892b89e69b80f7258996de639,optimized,optimized
9741a36862759e5417e524b60129c2f9,optimized,probably_optimized
989fbb726560940edaa638f8d1ebb149,optimized,optimized
98cbbfcefdfcd57b75e8c9d1b1711fe8,optimized,optimized
9992b30eda901234127425003d7ecab2,optimized,optimized
99f1841336f6788bfc60426da95e3b9f,optimized,optimized
9a69f44962c6e78789ea29e54bd0ac6f,optimized,probably_not_optimized
9ac12604d516434612edfc173d6d12c2,optimized,probably_not_optimized
9b67bd5f39e115c4211db2644fa49d62,optimized,probably_not_optimized
9c4371066cc1ca7f10617bfbc7c1ef89,optimized,probably_optimized
9c5b2365298b2b0b5254ed2d096cbd42,optimized,optimized
9c7a4f658a65559068721b7e022cb238,optimized,probably_optimized
9e0fcd283d1226b642154cf13626ebf4,optimized,probably_not_optimized
9e1c0f8341b9c0eee306699825a91ea7,probably_optimized,probably_optimized
9f5ac5686c937cbbfadee668da674ec4,optimized,probably_optimized
a03ccd96817a662075b3829d784a7dc9,optimized,probably_optimized
a056315b80a73a3fa4e37f613912b0f3,optimized,probably_optimized
a1279056d74f2f5a83694243b36a7704,optimized,probably_optimized
a128d74270511df3ab293ea5e49c0cdb,optimized,optimized
a1379b3c063dd4ed9b2b49d482fbf233,optimized,probably_optimized
a1616204a860671647faf21c86796af3,optimized,optimized
a19abbdff252f8fb58008b2554615572,optimized,optimized
a1af5678b450a085c624878cbb5fefca,optimized,optimized
a1b56d953feb426f5675a5c0f1245148,optimized,optimized
a1d247394d02e423e06388a83e82bc62,optimized,probably_optimized
a26e66f0871d3b2a4b6317fdecce7ebc,optimized,optimized
a2a2042ac503e5fd54879aa809353f36,optimized,probably_not_optimized
a2bff4c99a9e9839535b5900cc6434f9,optimized,probably_not_optimized
a33451ac7f5cb6616580bfe9476dbd7f,optimized,optimized
a3aefa9bac9fc24e008bd0307d149ead,optimized,probably_optimized
a3b4fa61c3e70430e48ae02744c891d9,optimized,optimized
a415c73cd67a2eab5e9327adc67394c7,optimized,optimized
a476125110a6e6c761e117c7eb5c6eca,optimized,optimized
a4c2c0f1eef06eb0c6cd268b44b24b89,optimized,optimized
a509df38f5897b3325cc073027f3c61b,optimized,optimized
a574ccd0f25472dd728b8b7ccb0d1dcb,optimized,probably_not_optimized
a57bf68cf3277c2a6ec2ba44f8055e80,optimized,optimized
a5b375533fbc47678630c4a77f1bff5e,optimized,optimized
a5bdb107d2eb737464ea9aad173833b1,optimized,probably_not_optimized
a5fd6b8a7fecb585d6697d4ad22317ec,optimized,optimized
a61ca81e8e89542e10c58f3f810d30bb,optimized,probably_optimized
a6f9710ca81069ce3b59f6d85107b18a,probably_optimized,probably_optimized
a71cbcfdb5fc68adfb5b22928bac17da,optimized,probably_not_optimized
a77cbb9b532792759cc6ba65e7514341,optimized,probably_optimized
a794890b4e8fba532b28c9bf30ed2e5c,optimized,probably_not_optimized
a975cc6f8c8856d5777d49164a79690a,probably_optimized,probably_optimized
a9a1443a1b2326644b4b33e64d0a5da2,optimized,probably_optimized
a9a556108058a34083e1d00f479fb7d1,optimized,probably_optimized
a9d81b17a9b5901fedf8d3a5b00f6985,optimized,probably_optimized
a9daa762bd28b4f0daf649e7f80d7863,optimized,probably_optimized
a9fb49bbc16fde5f9c138877969d7111,optimized,probably_not_optimized
ab457df06028957ff9fc5b04b8b2d959,optimized,optimized
ab8e35d1e9c361ecb6c6d364bcef8600,optimized,probably_optimized
ac4c88b536692fe0a8b566a46d168471,probably_optimized,probably_optimized
ac5097c457dca9fdc7dac412926824a1,optimized,probably_not_optimized
ace66c4848243ee929de64f8d20fecf5,optimized,probably_optimized
ad02c9ca249945071cd094a629a6353a,optimized,probably_not_optimized
ad807fd96c3ce95d97b2f07b195dead5,optimized,probably_optimized
ae76c142cb4549bd51686f51d391fbf2,optimized,optimized
aeda3475305640836c1b0e05ffcca460,optimized,probably_optimized
aeecdbfc9fae30d920c240952550fd60,probably_optimized,probably_not_optimized
afdb485e0e0ead49a78ac44d53e6506f,optimized,probably_optimized
aff8280c3950228bf704cc709632966d,optimized,probably_optimized
b020daf9bb720bde0dc171703d520f2e,optimized,optimized
b0a652636f0af853ef9acafa7feed7b8,optimized,optimized
b0e9725a0a7bef147cc818a8bf00dd02,optimized,probably_optimized
b1583291c627d90d6fe79fea1be7c090,optimized,optimized
b19097e0c719a228456d1123e9e96f78,optimized,probably_optimized
b194936eb815cc039a4989be371a272a,optimized,probably_not_optimized
b19ec29670beafa9f2ad297aef26c99a,optimized,probably_optimized
b1cc99c50ffff16a1516f969eff78bde,optimized,probably_optimized
b3744b61b356c0609570083d2091e7d6,optimized,optimized
b3f19b9ecf316d30bbf57f26b5361361,optimized,probably_optimized
b4b1c48e03039b1367ab84da825deed1,optimized,optimized
b5b5e9694edf9b645e909614e6bb085e,optimized,probably_not_optimized
b5d0b24c4fc55ab1ef559f7da769d5af,optimized,optimized
b6d0231ab2a7cd5580fb29a49a545f20,optimized,optimized
b7095cd59335dcc5bf1c7d34674f9c1d,optimized,probably_optimized
b784ed6bbb798236588d3e11dc8cd9f4,optimized,probably_optimized
b7f71e35408447917ae19faed7a2d1aa,optimized,probably_optimized
b8c2641b1958dc527bbe87d3b043bdb0,optimized,probably_optimized
b8e8f249f0305f8872c4748cc8bb2d7e,optimized,optimized
b9b903011c2a954292866ef13bcc4f1a,optimized,optimized
ba2608579f5b6293de4a3e9b2fd0219c,optimized,probably_optimized
bae356d7e9a44ac1817fbf3dd74e37fb,optimized,probably_optimized
bb01ef530e795cc851aff92f8b27c352,optimized,optimized
bb0f4eac0f0cf82d9eaf1d80bc8c5baa,optimized,probably_optimized
bb15be85eeb28f36efef495305dfb620,optimized,optimized
bb244a08a72ec530a48c9905d79a8157,optimized,probably_not_optimized
bb36e13317a1aa68b6cf93f878aa63b1,optimized,probably_optimized
bb7f70ed731cd8751c9054b04cf013bc,optimized,optimized
bbb8dc42ed13d34c561506cb0b235d02,optimized,probably_not_optimized
bc2e8a2bf0c8385989c6c53b071d2e55,optimized,optimized
bc51ad6a86f667e5f792f41943a10a98,optimized,optimized
bc6ca1357934bed6ac85acdd6a03fee0,optimized,optimized
be05b761aedf1b104024ef870a829ed4,optimized,probably_optimized
bee92b19c863ec556a52e1067cbb888c,optimized,optimized
bf4f1f4188c40120ac331445b0327c6e,optimized,optimized
bf5fd372007f9fac0c075fddcc945111,optimized,optimized
bfb40753cb79030596bc8f58000bfa3e,optimized,probably_optimized
bfeb7534a2dce1b060a1481bb289bef5,optimized,optimized
c0c4c13c60e534624522c8806790839a,optimized,probably_optimized
c0ce9be20a1145a0881a6bac015d6d86,probably_optimized,probably_optimized
c0ffef955c24d276177fe3d9a9550ead,optimized,optimized
c1aad1b39443e640f6fe472a23d4221b,optimized,probably_optimized
c281bae6c73dee24d2eba5bfffda2d51,probably_optimized,probably_not_optimized
c2879dfa19a5c300fbc0dda07783040b,probably_optimized,uncertain
c28d8d5e8c8a3d4c478a1ab1c7dd6e7b,optimized,probably_optimized
c2f101750ee213b17c75dbf8e21a5013,optimized,optimized
c3ba41f6c2549976b0462cb3494ef26d,optimized,optimized
c4a9934feba45810c6e1ea6d8cf86421,optimized,probably_optimized
c4ce698142669f3dad9b778ec7ba8e61,probably_optimized,probably_not_optimized
c4dcd2c7238a86189417ee7bb0d92134,optimized,probably_not_optimized
c53b90abfe8b0749f32721ec55b0e6d8,optimized,optimized
c5f49cd37bb6d5b27aaaf64350411a74,optimized,optimized
c614b884ee7db04d5361d843ecaeb15f,optimized,probably_optimized
c65bca9ab114b9aec87024e269f1abad,optimized,probably_optimized
c74cfbd05ccd9111a63ed53c21e0110d,optimized,probably_not_optimized
c7cd805d8911e85655262a5fcd562cf2,optimized,probably_not_optimized
c81b32c11ac1eeb3c662b3e551b69629,optimized,probably_not_optimized
c83a6c895be22d04c3eaee4db9b4f47a,optimized,probably_optimized
c9049b4b6aadd82b6861c48e62b8afd1,optimized,probably_optimized
c95ae722a19ec664b5ba639610ca629e,optimized,probably_optimized
ca73f15b2f6a5a33e0bf66e2bb6bc9c7,optimized,probably_optimized
cb0be78dd99a56a7edf172a7b89c0873,optimized,optimized
cb14ba433adc00bde60827ec419d9b10,optimized,probably_optimized
cb262d6515a27e7143ecebf6862656c1,optimized,probably_not_optimized
cb5de176d253232930eed979fa00c167,optimized,probably_optimized
cbaa7ec72652238684c53dbe10d0d41d,optimized,optimized
cc6df6afc0d148198059e18934c2c916,optimized,optimized
cc85457ac46eced337ad9b8865164eb7,optimized,optimized
cc915ff0307e705086e2f5a4e50d0887,optimized,probably_not_optimized
ccad2e9cd3b4c35c801ad8694c6c13b5,optimized,probably_optimized
ccdbc39a877c96c5fd3a3c72dbd96388,optimized,probably_optimized
cdb7ac5e7a76a18a4c1009ab706b35b9,optimized,probably_optimized
ce90c16aabff30b9c57c6767d76589c5,optimized,probably_not_optimized
cea779e1739860c1e4d4830f1d0809ef,optimized,optimized
cf32a766fb1d698598f4457907f97e32,optimized,probably_not_optimized
cf39822d9786e037608a188d004767ab,optimized,probably_optimized
cfe975535981fd43b0d0aa58f4fe1f90,optimized,optimized
d01b28fdba1956242f5e627158b20f5a,optimized,probably_optimized
d033e7746b4518da7bbce276eb56f080,probably_optimized,probably_optimized
d06d5956f20e77ea7cc44185e8508476,optimized,probably_not_optimized
d093c51b263c391c63f6be9f8cbaa03b,optimized,probably_optimized
d09d2d30a46836df80237646e45820e4,optimized,probably_optimized
d10cf9458991937ebba5e830ea2cb9ad,optimized,optimized
d133710fe6f6ed534297ca582b555209,probably_optimized,probably_optimized
d1864979d5f4d2c9ab888bad6dd3ed96,probably_optimized,probably_not_optimized
d1de11f5de6408f53c5265e5154cd59e,optimized,probably_optimized
d1f5e06df4e6a7a3059d8ed5abb975f8,optimized,probably_optimized
d22da8524fda11eb82ce7318738c2fd1,optimized,probably_not_optimized
d25121e410177bec0428f48e58c82f6d,optimized,optimized
d2869fa4936c5a30d94f35d0a5a548b2,optimized,probably_optimized
d29fe932b33df75073c9b5c149d9fbf9,optimized,probably_not_optimized
d3054010671f1fcc99b10daa2dc92f70,optimized,optimized
d3e705e92e3550c254ade7ca7bbe7e1d,optimized,probably_optimized
d40635812b893e3b3549be04d845f765,optimized,probably_optimized
d4837b15ad71be03b0e51187b82bd9f6,optimized,probably_optimized
d4f055c276c733f6129abe4a65420b0f,optimized,optimized
d5138ae0e29aadf983578419a88949db,optimized,optimized
d66f4dfda18ee7329f498341c1b9dd2e,optimized,probably_optimized
d719745cba6d7ce8d201d63a9fd4fd59,optimized,optimized
d7342cb37bf574ccee2808682b0b9eac,optimized,optimized
d7937802dc5461a746a380d74c1db406,optimized,probably_optimized
d7f081df504349e4590dc74aa51a573c,optimized,probably_not_optimized
d884bb461cbb468a5d38919cfc101f3d,optimized,optimized
d89c9600b5b09c250b6a5cbfc21b894c,optimized,probably_optimized
da3448453789fe8f515bbde9eeee994f,optimized,probably_optimized
da7daac88dcb688361ba1f928844183f,optimized,optimized
db61921bd9a23d1111757828fe9b8525,optimized,optimized
dbbb70d43cc7ae1166097d075cf625b7,optimized,optimized
dbd6f4d26519e46ef9c720a76a35ee88,optimized,optimized
dc4d61d6f327f7527efb06bfac233a48,probably_optimized,probably_optimized
dc72283c609676a2fecc2e2863a74172,optimized,optimized
dc902575838171663ec57da6564fdbe3,optimized,probably_not_optimized
dcddda2fdd258d162658af751f3cd7c6,optimized,optimized
dcdddfb0a2e64e581b3bec501870d5c2,optimized,probably_optimized
dd4ae445706ee3258d6a4e6c78fb4f21,optimized,optimized
dd82c1670282194edba9f1bd1df30c28,optimized,probably_optimized
dec698ac570ea593ee0665258abe044c,probably_optimized,probably_not_optimized
df95d5c052b6ec3c08b2bc6f0ea82eb6,optimized,probably_optimized
dfa91cec4862916e16967a8aa93f8795,optimized,optimized
dff7bed76f176e345503c3d23bdc22e0,optimized,optimized
e00ddf2ccc730f7389245961b3410695,optimized,probably_optimized
e054deafb831013be0cc7cf37a417f65,optimized,optimized
e15d1937660602ab836da66e544af335,optimized,probably_not_optimized
e1b6ffd2f136b89c149ae13bbb8f8dfd,optimized,probably_optimized
e1eb4e0a2edb70cc4a61b98b18a93f1f,optimized,probably_optimized
e2248754d4f5b2e899f260cf55da0c50,optimized,probably_optimized
e2b389de11c9f139ed45e55328d48627,optimized,optimized
e3ca06d427ee2fdbb412a85288b03c45,probably_optimized,probably_not_optimized
e3d7697eb7339956347d27d4db31c804,optimized,optimized
e3f395611e19370a07b001a72b6f6e0c,optimized,probably_optimized
e423090af746f9a4cf753b8831359f75,optimized,optimized
e45aeea97e1e03853fc49bf2179eb0ef,optimized,optimized
e49400cd7accf39274b0df89f75f77c0,optimized,optimized
e4eae028a2425a5e6b983842d1d54754,optimized,probably_optimized
e4ec42ded3b30f92f11362223ccdd714,optimized,optimized
e4ee0d85072183b9f23971fc291ad2a4,optimized,optimized
e4f0a87a1c00ac50b0ae36c42b7831aa,optimized,probably_optimized
e5176726d93581d36f233f3ed47dbc30,optimized,optimized
e69547c71acb3311f510d2879ea0e9bc,optimized,optimized
e6cbedcad01512b755c1d2f3039f15e6,optimized,probably_optimized
e6e1cf0014596b6438393a0a4fd626fd,optimized,optimized
e7356a72a292e154a14b40c2903c0856,optimized,optimized
e7a69d62336a88008fbc5d872fc8bcc3,optimized,optimized
e7cb5f9e61208f7d487d9b68cfc63673,optimized,probably_not_optimized
e7fb4b94b7202bfda27238ab19d8667b,optimized,optimized
e884f4bebd08d9a8625f28cf747def9a,optimized,probably_not_optimized
e89fde0e52349ae5d161b2dd1b6ce888,optimized,probably_optimized
ea1419af248fd928a157beccd8031e69,probably_optimized,probably_optimized
ea577a28fc08a4dbccaf1d2731a8998e,optimized,optimized
ea858bb164d9d30b0ac20f8701c44455,optimized,optimized
eaaa75777042d0cd00c066a435222361,optimized,optimized
ebc5438fab5d0f68c1de8f79d57f2bc4,optimized,probably_optimized
ed51410178ad3a196bc14aa249e24354,optimized,optimized
edb939c305df97aef548f880a292c3cc,optimized,optimized
ee13f8da0955851ea0088e3f8d426b75,optimized,optimized
ee9a271f46d7ae01015aa1e5b05eaea0,optimized,probably_not_optimized
ee9c57a57585eff8f811a8a98fbaf67b,optimized,probably_optimized
eea5beef5956f8671bcba27a30a977ab,probably_optimized,probably_not_optimized
ef3b6e51bd058e042ea6a76b98b734eb,optimized,probably_optimized
ef55b24fa82cdf1b2cc3d0c2b4ed9688,optimized,optimized
ef6532390655af82dc29eaf700501d6d,optimized,optimized
ef706c3cd23cad681c2a4e16c69756c1,optimized,optimized
ef8695fd8864becdc83e65acc8686a2d,optimized,optimized
efb7a58ecce0e9f5b87fba69ae57fb23,optimized,probably_optimized
f033753abdee46a04f5b4a23460143c9,optimized,probably_not_optimized
f0abe70f097da257698161dfe69cc575,optimized,probably_not_optimized
f0b775478c10bf65666b5c47f4c8c811,optimized,probably_optimized
f0f123eeeed09043c8a97bb4b6a54b55,optimized,probably_optimized
f14d7a31cbfb47198b5e16e27a7a2d96,probably_optimized,probably_optimized
f2fc49b8b240e23071311a09c30007a3,probably_optimized,probably_optimized
f31351cac30adb60b8b2759489b51aac,optimized,probably_optimized
f3818b6917367e148fa6aa3dd0355421,optimized,probably_optimized
f40702f65b7cd86fffc821cde38a7ccd,optimized,probably_optimized
f4d3bbbfb63e73a335b5b6266682f518,optimized,probably_optimized
f5c2dff7451c86d282b248448ef8df88,optimized,optimized
f5ce7d91b4d24fad377b40572fac608d,optimized,probably_optimized
f608b9181bd44376c0e6090955a09dae,optimized,probably_optimized
f60e49cc22760b4f25fd0acb6e6466da,optimized,optimized
f811aa61a874e3666b4cfea4bf48027c,optimized,optimized
f87b3ebad763ad67d1e8145567a29cb0,optimized,optimized
f892289e78aae31054719dae335bfbe0,optimized,probably_optimized
f8982419f55d2407b5fd512ca8955d3e,optimized,optimized
f8a78482a61a7b70129a18121c9f6a9d,optimized,optimized
f9b854d39d6495d8107487495373b39a,optimized,optimized
f9ed5b7dec4cd5ea4a39c6f59e845c5f,optimized,probably_optimized
f9ffcf00cb65df84710e6247f89eb554,optimized,optimized
fa3fd043bc22a4c746c3a2ac32628331,optimized,optimized
fa6a8749d3c36c3ec6aa0c0010ae412f,optimized,optimized
fa9348d4823658b16ee1b214ad7b5e1b,optimized,optimized
fab28b601fe44460c8ae14c00266bd79,optimized,optimized
faba0a681b5af9aa5d40caf96a87d8cf,optimized,optimized
fb127644de063bf6820e0c711d36c070,optimized,probably_optimized
fb554199269fadb1b8a4050f9ec9d6f8,optimized,optimized
fbdb7f1327057bd4f69182915643904f,optimized,probably_optimized
fc81369ae71098ef9194c91646ca40a9,optimized,optimized
fca0ce5b755d774ee1cdc1dc2a80ac54,optimized,optimized
fcc59a220030ca4f1221e2fa0b3750b6,optimized,optimized
ffa42e4d1b1939420299cbf3fc85d10d,optimized,optimized