results_studies_id,results_id,results_position,results_queries_id,results_url,results_main,results_se,hash
82,23003,132,336,"https://www.abendblatt.de/region/stormarn/article213015067/Sturm-laesst-Keller-volllaufen-und-sorgt-fuer-Hochwasser.html","https://www.abendblatt.de/",Google,007e34735874a3f83d95106bd5778d1a
82,23125,34,337,"https://www.weingut-merkel.de/","https://www.weingut-merkel.de/",Google,009e206cdd2f1b09d1dd22b8ecf9efb9
82,22935,64,336,"https://www.muenchen.de/aktuell/2021/2021-07/hochwasser-an-der-isar.html","https://www.muenchen.de/",Google,013ae7fc5925fb3f884bc11dc53593af
83,23317,59,339,"https://www.malteser-im-norden.de/angebote-und-leistungen/corona-testzentren.html","https://www.malteser-im-norden.de/",Google,013f59e351133992cce1f6598aff7b60
83,23263,5,339,"https://www.spiegel.de/wissenschaft/medizin/corona-news-am-donnerstag-titel-corona-news-a-efa9a8af-227f-4a5d-a0b0-e4b44fab5ab7","https://www.spiegel.de/",Google,01bb69fe0afad3f850aaa358323684c8
82,22910,39,336,"https://www.prefa.de/produkt-katalog/hochwasserschutz/","https://www.prefa.de/",Google,01f1e398b7b7a4dac8d8ea2da66fc1f1
83,23411,153,339,"https://www.abendblatt.de/","https://www.abendblatt.de/",Google,01f3ae7fc4c60769b1665a19e7d67252
83,23385,127,339,"https://www.ahrensburger-stadtforum.de/unser-verein/news/","https://www.ahrensburger-stadtforum.de/",Google,02445b05a464fd9349f7e5343a61d49a
83,23241,51,338,"https://www.swr.de/swraktuell/was-treibt-markus-soeder-mit-seinem-politikstil-an-100.html","https://www.swr.de/",Google,02790b30c0b4a2a5853ed80b6ec8e4ce
83,23401,143,339,"https://www.fennerlabor.de/","https://www.fennerlabor.de/",Google,02d2879aef1f99e4919cb857680f7c07
82,22913,42,336,"https://www.swr3.de/aktuell/nachrichten/hochwasser-live-ticker-100.html","https://www.swr3.de/",Google,03083af74bd15adfcf13db93f9578e2a
82,22938,67,336,"https://www.dlrg.de/spenden/hochwasser/","https://www.dlrg.de/",Google,04737b3e8f3697f11b16bbef6133ecfb
82,23162,71,337,"https://www.berliner-zeitung.de/politik-gesellschaft/daenemark-half-nsa-bei-der-bespitzelung-von-merkel-warum-herrscht-stille-li.170230","https://www.berliner-zeitung.de/",Google,04d5b6f7e01060ecb69e72dc3a638b06
82,23038,167,336,"https://www.styc.de/?m=201610","https://www.styc.de/",Google,054a899464515bee15bc2346bbbac5e1
83,23249,59,338,"https://www.hna.de/politik/corona-bayern-lockerungen-markus-soeder-diskos-clubs-geimpfte-coronavirus-pandemie-zr-90861108.html","https://www.hna.de/",Google,0568be6a5a0eacae8e1dd2dc3db387bf
83,23262,4,339,"https://www.bundesgesundheitsministerium.de/coronavirus.html","https://www.bundesgesundheitsministerium.de/",Google,060ec4fda36fc1957fb2bea43f75d584
82,23165,74,337,"https://www.bmi.bund.de/SharedDocs/videos/DE/pressestatements/2020/03/merkel-statement-leitlinien-corona.html","https://www.bmi.bund.de/",Google,06318c1cdc763765c25e3971722b1b5f
83,23217,27,338,"https://web.de/magazine/politik/thema/markus-soeder","https://web.de/",Google,0647e3130f5c79b2c23983737bd487b1
83,23245,55,338,"https://www.tz.de/stars/markus-soeder-tochter-gloria-sophie-burakndt-model-agentur-karriere-heidi-klum-90876328.html","https://www.tz.de/",Google,0721e4a85cc26f125e094ab74315df53
83,23347,89,339,"https://www.luechow-dannenberg.de/home/familie-soziales-gesundheit/corona-virus.aspx","https://www.luechow-dannenberg.de/",Google,07ad36075dc5f9800fa4434e3b3b2c14
82,23025,154,336,"https://www.hchagemann.de/referenz/hochwasserschutz-anlage-billhafen-hamburg","https://www.hchagemann.de/",Google,07e719246154a3f49ee438d47eaca807
82,23134,43,337,"https://www.luther-lawfirm.com/team/team/dr-iur-wulf-merkel","https://www.luther-lawfirm.com/",Google,0893377fc39280fc30deb5ad7e68ffa7
83,23402,144,339,"https://m.focus.de/gesundheit/news/news-zur-corona-pandemie-hiv-patientin-erkrankte-fast-acht-monate-an-covid-19-und-entwickelte-32-mutationen_id_13378547.html","https://m.focus.de/",Google,08d02cb881c283406f9ba5e8da2c105b
82,23055,184,336,"https://www.eos-serviceportal.de/","https://www.eos-serviceportal.de/",Google,08da656dbfce5cb72e88d1e70675ef08
83,23294,36,339,"https://www.bundesfinanzministerium.de/Web/DE/Themen/Schlaglichter/Corona/corona.html","https://www.bundesfinanzministerium.de/",Google,096915931883cd9761de9fec1ae196ca
82,23019,148,336,"http://www.artlenburger-deichverband.de/component/content/","http://www.artlenburger-deichverband.de/",Google,0a18e63fce7f19472d2ac0e925717c04
82,22928,57,336,"https://www.ksta.de/region/euskirchen-eifel/kreis-euskirchen-abkochgebot-fuer-wasser-ausgeweitet---polizei-korrigiert-todeszahlen-38908062","https://www.ksta.de/",Google,0a4bbc5869aff3b7d619920c2c50cf25
82,23012,141,336,"https://www.antenneduesseldorf.de/artikel/live-ticker-zum-hochwasser-in-duesseldorf-und-deutschland-1008961.html","https://www.antenneduesseldorf.de/",Google,0b78ba3a316a2c65bbebb90f89b22b5c
82,23163,72,337,"https://www.uni-potsdam.de/de/ler/das-institut/mitarbeiter-a-z/prof-dr-linda-merkel","https://www.uni-potsdam.de/",Google,0bb5c04e28b54c7c1bbd767574711d4e
82,22929,58,336,"https://www.rnd.de/panorama/hochwasser-liveticker-merkel-besucht-heute-katastrophengebiet-in-nrw-L6GHHK2WUGIUTIXBTUZEVTYOCM.html","https://www.rnd.de/",Google,0bc8eb8ba3440a2afdb6efe17cc6b089
83,23195,5,338,"https://www.faz.net/aktuell/politik/thema/markus-soeder","https://www.faz.net/",Google,0c666ea1a98e88ae6e05e4b2c3dc3658
82,23181,90,337,"https://www.ln-online.de/Lokales/Stormarn/Ratschlaege-einer-Stylistin-Straehnchen-fuer-die-Kanzlerin","https://www.ln-online.de/",Google,0d9e99c48006c48f1a85d6d6a86e3931
83,23216,26,338,"https://www.wiwo.de/themen/markus-soeder","https://www.wiwo.de/",Google,0dce4a9c744a17e63f0f4b313d7bff3e
83,23399,141,339,"https://www.vhs-ahrensburg.de/","https://www.vhs-ahrensburg.de/",Google,0f67ae9cb58f05687a0ecb226d02aae3
83,23251,61,338,"https://www.mainpost.de/ueberregional/bayern/klimaneutral-bis-2040-soeder-kuendigt-verschaerften-klimaschutz-fuer-bayern-an-art-10634336","https://www.mainpost.de/",Google,0f728cd6a6516fd00a47a105badcaf14
82,23097,6,337,"https://www.spiegel.de/thema/angela_merkel/","https://www.spiegel.de/",Google,0fc57c4d1306191227b72dc28a4328c0
82,23022,151,336,"https://www.nationalgeographic.de/","https://www.nationalgeographic.de/",Google,10a42d17d74289560a41bf0fb5e18e9e
83,23219,29,338,"https://www.amazon.de/S%C3%B6der-andere-Biographie-Anna-Clau%C3%9F/dp/3455011551","https://www.amazon.de/",Google,1105d224d72ea2fad4a05060fca23227
83,23275,17,339,"https://www.niedersachsen.de/Coronavirus","https://www.niedersachsen.de/",Google,1197fc55973c550bbbfb68aba10551ad
83,23256,66,338,"https://www.idowa.de/inhalt.regierungserklaerung-soeder-will-verpflichtenden-hochwasser-tuev-fuer-bayerns-kommunen.980ae85f-71f9-4486-9138-757653571745.html","https://www.idowa.de/",Google,11a06ee8f11afdc5c73724a842e18297
83,23464,206,339,"https://www.kroschke.de/","https://www.kroschke.de/",Google,11ea6216a9e7ff507b3550b4adadd963
83,23360,102,339,"https://www.wolfsburg.de/coronavirus","https://www.wolfsburg.de/",Google,1210a64d723d077a1d5ce4da09e623af
82,23042,171,336,"https://www.fdp.de/","https://www.fdp.de/",Google,1258bb4f598b513e2976fff3488d61b4
82,22878,7,336,"https://www.spiegel.de/thema/hochwasser/","https://www.spiegel.de/",Google,12deb19d6caa2d04e40154d8ce8c92f3
83,23211,21,338,"https://www.augsburger-allgemeine.de/personen/markus-soeder","https://www.augsburger-allgemeine.de/",Google,13aa895d9a8cf3cd0c38dd2132a8606d
83,23224,34,338,"https://www.stuttgarter-zeitung.de/thema/Markus_S%C3%B6der","https://www.stuttgarter-zeitung.de/",Google,1416c8608d34d0e9404fc89121da936b
83,23322,64,339,"https://www.kbv.de/html/corona-report.php","https://www.kbv.de/",Google,14215d5d8256096c74b03c0be6934e0c
82,23037,166,336,"https://www.verband-wohneigentum.de/","https://www.verband-wohneigentum.de/",Google,15b6ab4e190a3730c7bee1460140bfc1
82,23002,131,336,"https://www.mainpost.de/regional/kitzingen/hochwasser-landratsamt-kitzingen-spricht-von-millionen-schaeden-art-10634252","https://www.mainpost.de/",Google,15b811f07696efc72a4de6a569003a02
82,23151,60,337,"https://www.deutschlandfunkkultur.de/der-unwahrscheinliche-weg-der-angela-m-merkel-jahre-2-6-ein.3720.de.html?dram:article_id=499350","https://www.deutschlandfunkkultur.de/",Google,15ec967098905bc10d2e3f19d82c38cf
82,23004,133,336,"https://www.thw-ahrensburg.de/aktuelles/aktuelle-meldungen/artikel/hochwasser-statt-heiligabend/","https://www.thw-ahrensburg.de/",Google,169d1d14d8764808ea23409124acdcc2
82,23027,156,336,"https://www.koert-ing.de/15-projekte/kuestenschutz-hochwasserschutz/42-0415-hws-polder23-terminal-oswaldkai","https://www.koert-ing.de/",Google,16aba40d202611b8e13ef8f380eaa22e
82,23152,61,337,"https://www.dfl.de/de/profile/dr-steffen-merkel/","https://www.dfl.de/",Google,16c84cda04b166d0dfdd570f4a6c654a
82,23176,85,337,"https://www.wetter.de/deutschland/wetter-ahrensburg-18219407/unwetter-vorhersage.html","https://www.wetter.de/",Google,174c231f95962c78413e2f80aa84b4e4
82,22983,112,336,"https://www.drk.de/","https://www.drk.de/",Google,18904f7b3f7c066a5156223958822d1a
82,22919,48,336,"https://www.blankenheim.de/de/rathaus/hochwasser","https://www.blankenheim.de/",Google,194c6114f75f0a2bd43cd9af5fedae91
83,23269,11,339,"https://www.bundesregierung.de/breg-de/themen/corona-warn-app","https://www.bundesregierung.de/",Google,1950034552c371cfe35b4681326f4fd3
83,23193,3,338,"https://www.merkur.de/politik/soeder-regierungserklaerung-bayern-klimaschutz-klimapolitik-gruene-heute-live-zr-90873846.html","https://www.merkur.de/",Google,195e87972970a1ec6ee8ab35a9c45952
83,23296,38,339,"https://www.n-tv.de/panorama/Grossbritannien-lockert-in-die-vierte-Welle-hinein-article22693152.html","https://www.n-tv.de/",Google,19f06239ff2b6a898b90a7a05636a50c
82,23036,165,336,"https://www.elbphilharmonie.de/de/faq","https://www.elbphilharmonie.de/",Google,1a0bb543a95aea3cf0b2b608a9f34d6e
82,23178,87,337,"https://www.ifo.de/node/50578","https://www.ifo.de/",Google,1c1d93b0338cd73ae25bfb1143e79055
82,22884,13,336,"https://www.welt.de/vermischtes/live232509543/Hochwasser-aktuell-Teuerste-Naturkatastrophe-in-diesem-Jahrtausend.html","https://www.welt.de/",Google,1c5fa92aabf968cb475094c4ec1cf73e
83,23201,11,338,"https://www.tagesschau.de/inland/innenpolitik/soeder-gruen-103.html","https://www.tagesschau.de/",Google,1cba6c4d6be14ce5bcdac788f4853507
83,23393,135,339,"https://www.atsv.de/","https://www.atsv.de/",Google,1ce4680b7c567a9ef0e4d77652aa8bc9
83,23257,67,338,"https://www.schwaebische.de/sueden/bayern_artikel,-soeder-will-kraftakt-fuers-klima-_arid,11390103.html","https://www.schwaebische.de/",Google,1cf893c5f94b9c7dc021d52323cdf286
83,23270,12,339,"https://www.bundesregierung.de/breg-de/themen/coronavirus/corona-bundeslaender-1745198","https://www.bundesregierung.de/",Google,1da8c77fc507a9c92dbdc3150fa4c1dc
83,23384,126,339,"https://www.kreis-paderborn.de/kreis_paderborn/aktuelles/pressemitteilungen/Informationen-zu-Coronaviren.php","https://www.kreis-paderborn.de/",Google,1dc58674eba69686cd47b1b6e85f00af
83,23205,15,338,"https://www.zeit.de/2021/29/markus-soeder-bundestagswahl-kanzler-csu-ministerpraesident","https://www.zeit.de/",Google,1e7ff8123f334951c787d78dd8b144cd
83,23366,108,339,"https://www.sr.de/sr/home/nachrichten/politik_wirtschaft/coronaregeln_saarlandmodell_bundesnotbremse_100.html","https://www.sr.de/",Google,1ec9721e94e81e1a37272a5a9bfb04e0
83,23386,128,339,"https://www.adler-apotheke.de/","https://www.adler-apotheke.de/",Google,1f00f5bb8764f1b6ac2010972c3ccaef
82,23102,11,337,"https://www.kas.de/wf/de/37.8250/","https://www.kas.de/",Google,1f31dcc01ca9e2ea82414fd621ec2a2a
82,23008,137,336,"https://www.badische-zeitung.de/so-wappnet-sich-freiburg-gegen-hochwasser--203532855.html","https://www.badische-zeitung.de/",Google,20bc83af7fe97e199aa7f04ee5ed0307
82,23109,18,337,"https://www.wzb.eu/de/personen/wolfgang-merkel","https://www.wzb.eu/",Google,20cf74485a9553c5d7debf74f61345f0
82,22873,2,336,"https://www.tagesschau.de/inland/hochwasser-hilfe-laender-101.html","https://www.tagesschau.de/",Google,22ffe9a356a261c32f1ac52c23cd629c
82,23054,183,336,"https://svt-sanierung.de/wasserschadensanierung","https://svt-sanierung.de/",Google,237e8faf6675ebf72a5ed366b6965918
83,23253,63,338,"https://www.berliner-zeitung.de/news/markus-soeder-warnt-vor-corona-raf-li.131485","https://www.berliner-zeitung.de/",Google,23ec6aaba9e73970055995c560d479ca
83,23299,41,339,"https://www.land.nrw/corona","https://www.land.nrw/",Google,253bc2d25f80b1898cc2146269c6aa0d
83,23358,100,339,"https://www.heide-park.de/planen/infos/aktuelle-informationen/","https://www.heide-park.de/",Google,259bf121a3fddee08ed994f17088ada5
83,23357,99,339,"https://www.marburg-biedenkopf.de/corona","https://www.marburg-biedenkopf.de/",Google,25b515a6adfb5ea0ec2308756475bf13
82,22933,62,336,"https://www.fr.de/panorama/unwetter-deutschland-hochwasser-bayern-pegel-fluss-feuerwehr-flut-katastrophe-nrw-rheinland-pfalz-90867835.html","https://www.fr.de/",Google,2650e579ae7b0157067079650f0d54e5
83,23327,69,339,"https://www.saechsische.de/coronavirus/coronavirus-sachsen-dresden-lockerungen-schule-deutschland-rki-delta-5176217.html","https://www.saechsische.de/",Google,265f22d14d8af8f2380238f944e28896
83,23312,54,339,"https://www.zeit.de/politik/ausland/2021-07/corona-weltweit-news-massnahmen-neuinfektionen-impfung-covid-19-live","https://www.zeit.de/",Google,266ff4872bcb1bc45514f31a5c532517
82,23059,188,336,"https://herzogtum-direkt.de/index.php/2021/07/18/hochwasser-in-nordrhein-westfalen-und-rheinland-pfalz-technische-einsatzhundertschaft-der-bundespolizeiabteilung-ratzeburg-verlegt/","https://herzogtum-direkt.de/",Google,26d5b2bfac162b407c5b76946f4ae93c
82,22901,30,336,"https://www.wwf.de/themen-projekte/fluesse-seen/hochwasser/hochwasser","https://www.wwf.de/",Google,28207da1927c88e74dc157b94110ea6b
82,23085,214,336,"https://www.johanniter.de/johanniter-unfall-hilfe/","https://www.johanniter.de/",Google,28e9492387cf8c1acfde41625fff2ff8
82,22889,18,336,"https://www.hvz.baden-wuerttemberg.de/","https://www.hvz.baden-wuerttemberg.de/",Google,2932b09f1126cc207301d9adf3fe3ff0
83,23280,22,339,"https://www.integrationsbeauftragte.de/ib-de/staatsministerin/corona","https://www.integrationsbeauftragte.de/",Google,293e2a2c431d14818503e8962b7676da
82,22888,17,336,"https://www.hnd.bayern.de/","https://www.hnd.bayern.de/",Google,29b6d1a64d85bae354008813a37a34b6
83,23202,12,338,"https://www.welt.de/themen/markus-soeder/","https://www.welt.de/",Google,2a10745f085cb8b909583134222860aa
82,22995,124,336,"https://www.heise.de/tp/news/Hochwasser-Wo-wiederaufbauen-6144680.html","https://www.heise.de/",Google,2a1fb13811f159aca3f23077d31c4c0d
82,22937,66,336,"https://www.presseportal.de/st/Hochwasser","https://www.presseportal.de/",Google,2a80cf66e934aa1848a2621466dde9d2
82,23113,22,337,"https://www.uni-augsburg.de/de/fakultaet/mntf/math/prof/dida/team/merkel/","https://www.uni-augsburg.de/",Google,2ade4224cd608604e82dc0d28fc442f1
83,23267,9,339,"https://www.morgenpost.de/vermischtes/article232765311/corona-biontech-moderna-johnson-nebenwirkung-rki-zahlen-news.html","https://www.morgenpost.de/",Google,2b06cc87d838ce4f30e4a72f380193e4
82,23159,68,337,"https://www.bild.de/politik/inland/politik-inland/flut-opfer-sollen-400-mio-euro-bekommen-merkel-verspricht-sofort-hilfe-77138532.bild.html","https://www.bild.de/",Google,2b4ef262bdd59713ebbda809449ec29a
82,23065,194,336,"https://www.hotelvor9.de/local/park-hotel-in-ahrensburg-steht-zum-verkauf","https://www.hotelvor9.de/",Google,2be90a04d73ce27b465bc256e805b93f
82,23120,29,337,"https://www.merkel-mic.de/de/","https://www.merkel-mic.de/",Google,2bf14adf78111d17b44902de371aa33a
83,23223,33,338,"https://www.infranken.de/person/markus-soeder/","https://www.infranken.de/",Google,2c05d61829cb34cd73ae8d7c9e81256c
82,22972,101,336,"https://taz.de/Hochwasser-in-West--und-Sueddeutschland/!5787468/","https://taz.de/",Google,2c4dc61eac778fdcbe9b1d237c48ba56
82,23142,51,337,"https://www.petra-merkel.de/","https://www.petra-merkel.de/",Google,2c961f3ed85e9971f4198eec6df18cf7
82,23095,4,337,"https://www.faz.net/aktuell/politik/thema/angela-merkel","https://www.faz.net/",Google,2ca486447a4f79113d0bad0781459ea4
82,22962,91,336,"https://www.rosarium-uetersen.de/Bilder/Galerie-Hochwasser","https://www.rosarium-uetersen.de/",Google,2d041b06bdaee1acfa372c0624cd38ee
82,22882,11,336,"https://www.swr.de/swraktuell/rheinland-pfalz/live-blog-hochwasser-rlp-100.html","https://www.swr.de/",Google,2d363db31569194294f82ee048c37129
82,23043,172,336,"https://www.uni-hamburg.de/newsroom/im-fokus/2020/0616-wakos-pm.html","https://www.uni-hamburg.de/",Google,2e2e0f1623a1a8e477d4328cdd336532
82,23104,13,337,"https://www.bundesregierung.de/breg-de","https://www.bundesregierung.de/",Google,2eb00775509cf21d818b15c0c5829941
83,23467,209,339,"https://walddoerfer-sv.de/aktuelles/corona-testzentrum-im-walddorfer-sportforum/","https://walddoerfer-sv.de/",Google,2ec6d3bea08d3d260bb57b67add83332
82,23186,95,337,"https://www.thw.de/DE/Startseite/startseite_node.html","https://www.thw.de/",Google,2f5f1d2ec7de7cb776f8bf7367c24987
83,23462,204,339,"https://ahrensburg-blog.de/corona-test-ahrensburg/","https://ahrensburg-blog.de/",Google,2fb1ec2906626f4029607ec566a6f04a
82,22893,22,336,"https://www.br.de/nachrichten/deutschland-welt/hochwasser-ticker-aktuelle-meldungen-zum-unwetter-in-deutschland,SdFZrEF","https://www.br.de/",Google,301609297dd10632c178ea2afb7d26c1
82,22879,8,336,"https://www.golem.de/news/hochwasser-in-deutschland-ein-handy-hilft-aber-nicht-im-katastrophenfall-2107-158317.html","https://www.golem.de/",Google,31201ab63c957551cca3e1a598ea1a10
82,22959,88,336,"https://www.dw.com/de/hochwasser-in-bayern-das-wird-wieder-passieren/a-58579231","https://www.dw.com/",Google,3150809595ca2e402e673aad5ecf8fdf
82,22905,34,336,"https://www.faz.net/aktuell/gesellschaft/thema/hochwasser","https://www.faz.net/",Google,31d923fcb3b47c8415703fbe5937c758
83,23210,20,338,"https://www.nordbayern.de/politik/markus-soder-mit-mir-muss-man-auch-in-zukunft-rechnen-1.11022325","https://www.nordbayern.de/",Google,31fdf46f257d25257420bf6a921f6503
82,22923,52,336,"https://www.stern.de/panorama/wetter/hochwasser-in-deutschland--hier-koennen-sie-opfern-mit-spenden-helfen-30618268.html","https://www.stern.de/",Google,330d1cb5a93655280a4a795793260f2b
82,23069,198,336,"https://www.sparda-m.de/","https://www.sparda-m.de/",Google,33d7bf82fc1c98b5ece0e104093beace
83,23433,175,339,"https://corona-schnelltest-kostenlos.de/de/easyapotheke-ahrensburg/","https://corona-schnelltest-kostenlos.de/",Google,33db296a1448fe33dcafa8eca9e81cd3
83,23431,173,339,"https://www.aral.de/","https://www.aral.de/",Google,340fb9fe4d0f49904322d95efbceffae
83,23204,14,338,"https://www.sueddeutsche.de/bayern/corona-bayern-news-soeder-inzidenz-lockdown-stufenplan-1.5342370","https://www.sueddeutsche.de/",Google,34a36e059f160e3ee3b177d03a05ff43
82,23068,197,336,"https://www.axa-betreuer.de/lohe-andersen-hamburg","https://www.axa-betreuer.de/",Google,34a78e50473e39734054399f305cbde0
82,23127,36,337,"https://www.amazon.de/Miss-Merkel-Uckermark-David-Safier/dp/3463406659","https://www.amazon.de/",Google,34ca653d87bb76c4998b2695aabff4c4
82,23047,176,336,"https://www.nordkurier.de/","https://www.nordkurier.de/",Google,34d764d31dd09586c66cfc9ff353ab3a
82,22912,41,336,"https://www.essen.de/essenaktuell/hochwasser.de.jsp","https://www.essen.de/",Google,34d82a293d6900a1f2e0874ab6f881b6
83,23318,60,339,"https://corona.duesseldorf.de/","https://corona.duesseldorf.de/",Google,352127920262380d7fabcfd0911bff96
82,23063,192,336,"https://www.globus-baumarkt.de/","https://www.globus-baumarkt.de/",Google,35373a23b6f013004802888f9cf883eb
83,23212,22,338,"https://www.dw.com/de/markus-s%C3%B6der/t-44350465","https://www.dw.com/",Google,355f7d2eef3538ab91dd5d7998edaddf
83,23234,44,338,"https://www.fraunhofer.de/de/forschung/aktuelles-aus-der-forschung/aufbruch-in-eine-resiliente-gesellschaft/interview-markus-soeder.html","https://www.fraunhofer.de/",Google,35ec160da5a60911d2e860db0d695c16
82,23158,67,337,"https://www.mpg.de/17104336/harnack-medaille-angela-merkel","https://www.mpg.de/",Google,367861d4122aafbab092657309157802
83,23341,83,339,"https://www.deutsche-rentenversicherung.de/DRV/DE/Home/Corona_Blog/reha_faq.html","https://www.deutsche-rentenversicherung.de/",Google,36bbfaba4303270fd10398b246fe9b8b
82,22927,56,336,"https://www.sparkasse-koelnbonn.de/de/home/aktionen/Sofortkredit_Starkregen.html","https://www.sparkasse-koelnbonn.de/",Google,37357a7f1e72f2bcaa0546829b9a77c6
82,23155,64,337,"https://www.cducsu.de/abgeordnete/angela-merkel","https://www.cducsu.de/",Google,373d07d90bdc8e90c7951d168ea75d44
83,23313,55,339,"https://www.bonn.de/themen-entdecken/gesundheit-verbraucherschutz/coronavirus.php","https://www.bonn.de/",Google,37f1b3dfc1270cb2898b851118c8186d
83,23470,212,339,"https://seuthes.de/","https://seuthes.de/",Google,38f77da00de0afd210340bd2e94cb62c
82,22911,40,336,"https://www.fib-bund.de/Inhalt/Themen/Hochwasser/","https://www.fib-bund.de/",Google,398ef51cb2a9e0b8f63dd803857481d8
82,22936,65,336,"https://www.volksfreund.de/blaulicht/hochwasser-mosel-trier-eifel-aktueller-liveticker-vom-donnerstag_aid-61341877","https://www.volksfreund.de/",Google,3b8fa27dabd062dac3cbc7eb84b74496
82,23035,164,336,"https://wasser-uelzen.de/regionales-netzwerk-hochwasser/","https://wasser-uelzen.de/",Google,3b90795b3fead6eaa67a9192b54a363b
82,22892,21,336,"https://www.hlnug.de/themen/wasser/hochwasser","https://www.hlnug.de/",Google,3bc57d4e4649bd75317a22fec82a467e
83,23237,47,338,"https://www.aerzteblatt.de/nachrichten/122490/Corona-Soeder-offen-fuer-mehr-Kompetenzen-beim-Bund","https://www.aerzteblatt.de/",Google,3c4642567c84509d55a0b85a2bc0ac48
82,23108,17,337,"https://www.zdf.de/dokumentation/dokumentation-sonstige/grokos-krisen-kompromisse-100.html","https://www.zdf.de/",Google,3caad27e5dc17f52f5ba9c103b812315
83,23451,193,339,"https://www.hessenschau.de/sport/fussball/darmstadt-98/corona-schock-mehrere-spieler-von-darmstadt-98-in-quarantaene,corona-bei-darmstadt-100.html","https://www.hessenschau.de/",Google,3cb54cc7578492715782dc66f44c48bc
83,23343,85,339,"https://www.wirtschaft.nrw/coronahilfe","https://www.wirtschaft.nrw/",Google,3dce4347c7586c7d92edad1d4315e32b
82,22991,120,336,"https://www.hafen-hamburg.de/de/gezeiten/","https://www.hafen-hamburg.de/",Google,3e2545b34e53ac520510651f046d7776
82,22877,6,336,"https://www.swr.de/swraktuell/rheinland-pfalz/sollte-man-nach-dem-hochwasser-gefaehrdete-flaechen-frei-lassen-100.html","https://www.swr.de/",Google,3ea75017a1afb7a68cb7bb1e0babea22
83,23469,211,339,"https://www.supercut.de/","https://www.supercut.de/",Google,3fe1a6ef32e2a54ec01c0ea6b0dc4896
83,23359,101,339,"https://www.darmstadt.de/leben-in-darmstadt/gesundheit/informationen-zum-corona-virus/impfzentrum-darmstadt","https://www.darmstadt.de/",Google,40144e2d98ad309a71d05450b9f132d2
83,23410,152,339,"https://www.heinrich-sengelmann-kliniken.de/tagesklinik-ahrensburg/","https://www.heinrich-sengelmann-kliniken.de/",Google,401bd1bf71d1841d96487a2acaa3d424
82,23126,35,337,"https://www.rowohlt.de/buch/david-safier-miss-merkel-9783463406657","https://www.rowohlt.de/",Google,4037e1397d63525ce27682fd7e1798f7
83,23286,28,339,"https://www.coronavirus.sachsen.de/","https://www.coronavirus.sachsen.de/",Google,4051f153f533704a9b4d92f9c441d408
82,23144,53,337,"https://www.merkur.de/politik/angela-merkel-per30389/","https://www.merkur.de/",Google,40544dbf1f3f164a47ab6914524c056e
83,23226,36,338,"https://www.gala.de/beauty-fashion/fashion/markus-soeder--seine-tochter-gloria-erhaelt-modelvertrag-22478400.html","https://www.gala.de/",Google,4077be40fc2ab35110a132bdcc1c4ff3
83,23440,182,339,"https://www.butenunbinnen.de/nachrichten/gesellschaft/corona-amera-kreuzfahrtschiff-bremerhaven-100.html","https://www.butenunbinnen.de/",Google,413db097c14d902b7fecf605764102f2
83,23194,4,338,"https://www.bayern.landtag.de/abgeordnete/abgeordnete-von-a-z/profil/markus-soeder/","https://www.bayern.landtag.de/",Google,4164dcc30eb1a69359378e0b4d173f1a
82,22990,119,336,"https://www.honerkamp.net/","https://www.honerkamp.net/",Google,41ca745871fb400f6c9501afcd554511
82,22975,104,336,"https://www.n-tv.de/panorama/Die-Todesnachrichten-nehmen-kein-Ende-article22690590.html","https://www.n-tv.de/",Google,41cdf01f6a0cffc9c57952c1353a7ebb
82,23089,218,336,"https://www.debeka.de/","https://www.debeka.de/",Google,421ddc61eeb12ae4dd0565fda83e0913
83,23340,82,339,"https://rp-online.de/panorama/coronavirus/corona-impfungen-aktuelle-zahlen-fuer-nrw-von-heute-22072021_aid-55573791","https://rp-online.de/",Google,449c585d01a6ac56ce9e63f6953820ea
82,23070,199,336,"https://www.devk.de/","https://www.devk.de/",Google,44dba0db2e828dbedadb066b9213c6f6
83,23379,121,339,"https://www.handelsblatt.com/politik/deutschland/corona-news-mallorca-inzidenz-steigt-nachtleben-soll-eingeschraenkt-werden-usa-delta-variante-fuer-mehr-als-80-prozent-aller-infektionen-verantwortlich/25471608.html","https://www.handelsblatt.com/",Google,4520f319b1cbcc16b8438cdddffaa567
83,23305,47,339,"https://www.116117.de/de/corona-impfung.php","https://www.116117.de/",Google,45ce5e62f6983b95a0b981b977b779f4
83,23421,163,339,"https://www.nessler.de/","https://www.nessler.de/",Google,4676d21005f9747755177c8702792447
83,23441,183,339,"https://www.buergerbeauftragter.bayern/corona-a-z/","https://www.buergerbeauftragter.bayern/",Google,46e8fe37d4f8f9f1e9ed8df018930605
83,23196,6,338,"https://www.bayern.de/","https://www.bayern.de/",Google,473ee8fde1e3ce5eb4fde40aee42c1c9
83,23208,18,338,"https://www.focus.de/kultur/stars/von-agentur-verpflichtet-neuer-job-fuer-soeders-tochter-gloria-sophie-burkandt-startet-model-karriere_id_13519232.html","https://www.focus.de/",Google,4762340fea5be72a4bd98b921e1a148d
82,23177,86,337,"https://taz.de/Angela-Merkel-in-den-USA/!5787021/","https://taz.de/",Google,479ae833e07a6771c980e8744e0f81be
82,23136,45,337,"https://www.zew.de/team/ume","https://www.zew.de/",Google,4805169b5a6236041551a2246fca6448
83,23446,188,339,"https://www.haspa.de/de/home.html","https://www.haspa.de/",Google,4809c10b029bdbd3fe1cbbfe6df7de06
83,23260,2,339,"https://www.rki.de/","https://www.rki.de/",Google,48272218e4504db22fa0475cebbc06cb
83,23444,186,339,"https://www.hvv.de/de","https://www.hvv.de/",Google,48dedc4649a9c5d50edb683eab71aba2
83,23376,118,339,"https://www.donau-ries.de/Buergerservice/Aufgabenbereiche/Gesundheitsamt-Humanmedizin.aspx","https://www.donau-ries.de/",Google,49520ec5c3f41ad5c953601766ddd6f8
83,23278,20,339,"https://www.fr.de/thema/corona-virus-sti1424368/","https://www.fr.de/",Google,49c2168df7e687c22d62d3d529e96649
82,22909,38,336,"https://www.aktionsbuendnis-katastrophenhilfe.de/hochwasser-in-deutschland","https://www.aktionsbuendnis-katastrophenhilfe.de/",Google,49e6766b46d766c7ea55a1dd6c103b85
83,23453,195,339,"https://www.rbb24.de/panorama/thema/corona/beitraege/2021/07/inzidenz-berlin-warnsystem-ampel-gelb-rki-21-8-steigt.html","https://www.rbb24.de/",Google,49f8934fb55b72e7bc779d2a2aff0bb2
82,23145,54,337,"https://www.swr.de/swr2/wissen/archivradio/merkel-aufstieg-kanzlerschaft-100.html","https://www.swr.de/",Google,4a896c7c109ac58c3dbbc7e8ed44cd68
83,23342,84,339,"http://www.mv-corona.de/","http://www.mv-corona.de/",Google,4ab7eec398642442c25676fcbdadffc1
82,22932,61,336,"https://www.nlwkn.niedersachsen.de/startseite/hochwasser_kustenschutz/hochwasserschutz/hintergrundinformationen/wie_entsteht_hochwasser/fachliche-grundlagen-wie-entsteht-hochwasser-119741.html","https://www.nlwkn.niedersachsen.de/",Google,4bfc47e8a050ecb86e97612067ccf904
82,23184,93,337,"https://www.daserste.de/information/nachrichten-wetter/ard-extra/videos/angela-merkel-corona-fernsehansprache-100.html","https://www.daserste.de/",Google,4c5546011fbf376b168ded92f4b3f9b0
82,23164,73,337,"https://www.bpb.de/nachschlagen/lexika/das-europalexikon/177131/merkel-angela","https://www.bpb.de/",Google,4ce3dde187817bc8d092e1711caf8180
83,23407,149,339,"https://www.adler-apotheke-hh.de/","https://www.adler-apotheke-hh.de/",Google,4d206e82c9a289b3735989617968c96a
82,23086,215,336,"https://www.erkrath.de/hochwasser","https://www.erkrath.de/",Google,4dd7f04dc8bc14a6ea552ea1bcc19dbc
82,23088,217,336,"https://www.pinterest.de/pin/541206080218674276/","https://www.pinterest.de/",Google,4e1aa8c58a140aaf9008fa406db30aca
82,23050,179,336,"https://www.wuestenrot.de/de/startseite/index.html","https://www.wuestenrot.de/",Google,4e37a069efff9824f5b4b1e983649230
82,23137,46,337,"https://www.wiwo.de/themen/angela-merkel","https://www.wiwo.de/",Google,50c08d691745feda8790011f7b39e2e7
83,23334,76,339,"https://www.teltow-flaeming.de/corona","https://www.teltow-flaeming.de/",Google,51405a79f35331acab0b43c6b4bfa47e
83,23397,139,339,"https://www.ln-online.de/","https://www.ln-online.de/",Google,52f1a0ab48f2eab1a120f8f16c68a253
82,23106,15,337,"https://www.sueddeutsche.de/politik/bundeskanzlerin-merkel-sommer-pk-bundespressekonferenz-1.5359536","https://www.sueddeutsche.de/",Google,536054a4ced989ae380fc3e21f21cd15
83,23335,77,339,"https://www.essen.de/coronavirus","https://www.essen.de/",Google,539d4f6cad604f338f55245c4bb2a394
83,23235,45,338,"https://www.mdr.de/nachrichten/deutschland/politik/soeder-laschet-kanzlerfrage-union-100.html","https://www.mdr.de/",Google,541a848313065f5185d25726dd5be752
83,23392,134,339,"https://www.hannover.de/Leben-in-der-Region-Hannover/Gesundheit/Gesundheitsschutz/Coronavirus-in-der-Region-Hannover/Allgemeinverf%C3%BCgungen-und-Verordnungen-in-der-Region-Hannover/20.07.2021-Nieders%C3%A4chsische-Corona-Verordnung","https://www.hannover.de/",Google,5442c8da6f6b562891b8f0fcd8830edf
82,23143,52,337,"https://www.morgenpost.de/vermischtes/article232765311/corona-biontech-moderna-johnson-nebenwirkung-rki-zahlen-news.html","https://www.morgenpost.de/",Google,54d9d89be1831c6362215cd7fb6ed590
82,23138,47,337,"https://www.ku.de/slf/kunstgeschichte/kerstin-merkel","https://www.ku.de/",Google,55029d0c7da0c40416b34de27b8d8f42
82,22940,69,336,"https://lfu.brandenburg.de/lfu/de/aufgaben/wasser/hochwasserschutz/","https://lfu.brandenburg.de/",Google,5578759a04b75926257248334c2dfe41
83,23459,201,339,"https://fiscalmarktnachrichten.info/ausland/europa/frankreich-corona-massnahmen-103.html","https://fiscalmarktnachrichten.info/",Google,55d3c88470a1486cdc7a533e6fa35a93
83,23246,56,338,"https://www.bunte.de/stars/star-news/mode/markus-soeder-tochter-gloria-startet-als-model-durch.html","https://www.bunte.de/",Google,5648942afd18485492b7f1139e521fcb
82,23030,159,336,"https://www.nak-nordost.de/","https://www.nak-nordost.de/",Google,5659f4497e0d5d4d44946a04d0c07607
82,22900,29,336,"https://www.hochwasser-hessen.de/","https://www.hochwasser-hessen.de/",Google,568716acb138227fff7f87ca65fa8f30
82,23156,65,337,"https://www1.wdr.de/nachrichten/rheinland/merkel-besucht-bad-muenstereifel-100.html","https://www1.wdr.de/",Google,56fc98187dbb5cc90bad5183aa2c8b85
83,23353,95,339,"https://corona-leichte-sprache.de/page/6-startseite.html","https://corona-leichte-sprache.de/",Google,5769de209681bd2c360f08f159ec62ad
83,23476,218,339,"https://www.rosenhof.de/standorte/ahrensburg","https://www.rosenhof.de/",Google,5860488186a6f6a97930036090dc5323
82,23117,26,337,"https://www.kanzlei-dr-merkel.de/","https://www.kanzlei-dr-merkel.de/",Google,592e83c4237ea2d27ceba3ead81d76d4
82,23170,79,337,"https://www.abendblatt.de/politik/deutschland/article232854285/Merkel-stellt-sich-Fragen-der-Hauptstadt-Journalisten.html","https://www.abendblatt.de/",Google,597317452e1de177d812fc96a299c5c6
82,23013,142,336,"https://www.bmwi.de/Redaktion/DE/Pressemitteilungen/2021/07/20210721-zitat-altmaier-kabinettbeschluss-hochwasser-hilfen.html","https://www.bmwi.de/",Google,597ded688436f68b0565ba96f4b9c564
83,23434,176,339,"https://www.jacques.de/","https://www.jacques.de/",Google,5a6c44dc1b9b746b50dd6568f7d0da00
82,22922,51,336,"https://www.arbeitsagentur.de/unternehmen/informationen-kurzarbeit-hochwasser","https://www.arbeitsagentur.de/",Google,5aebd6f815336153c9e8ca8a3b74e703
82,22999,128,336,"https://www.ruhr24.de/nrw/nrw-hochwasser-sperrung-baldeneysee-harkortsee-hengsteysee-12-august-verbot-ruhrgebiet-90875785.html","https://www.ruhr24.de/",Google,5b0f98a1151e7b6833ff3a2fbaffed60
82,23056,185,336,"https://www.butjadingen.de/poi/poi/st-petri-kirche/sehenswertes.html","https://www.butjadingen.de/",Google,5b309d9bd6bc9317a949bfc96b1a1b92
82,23052,181,336,"https://www.loz-news.de/lauenburg/9383-buergermeister-andreas-thiede-bietet-hochwasserhilfe-an","https://www.loz-news.de/",Google,5bc9bc6a8fe9f6b6a4e19890690781b3
82,23028,157,336,"https://www.radioessen.de/artikel/essen-spektakulaere-tierrettung-im-hochwasser-1014722.html","https://www.radioessen.de/",Google,5bdb7c2b06eeb609cb2a04d09bc0f53c
82,23021,150,336,"https://www.malteser.de/","https://www.malteser.de/",Google,5c0593f6caa43277ec78ef5a7536de48
83,23221,31,338,"https://www.fr.de/thema/markus-soeder-per38305/","https://www.fr.de/",Google,5cdbeb994471422d640adcb5ee669fe3
83,23466,208,339,"https://schweinske.de/","https://schweinske.de/",Google,5dd1e142709a4bb3d98333ff1b71802d
83,23394,136,339,"https://www.block-house.de/restaurant/ahrensburg/","https://www.block-house.de/",Google,5e46f11bf94eaf42b30a269a63935b1b
83,23273,15,339,"https://www.bochum.de/Corona","https://www.bochum.de/",Google,5ea9f220de01bb0d91708a68a9b65f33
82,22977,106,336,"https://www.altenwerder-werft.de/hochwasserschutz/","https://www.altenwerder-werft.de/",Google,5eb366d5142bce4d074ffbd1bba3ae21
82,23128,37,337,"https://www.jura.uni-hamburg.de/die-fakultaet/personenverzeichnis/merkel-reinhard.html","https://www.jura.uni-hamburg.de/",Google,5fdc9bb4c3b9505545fd692d0c5bdfd6
82,22948,77,336,"https://lokalo.de/artikel/233729/pruem-toter-im-zurueckgehenden-hochwasser-gefunden/","https://lokalo.de/",Google,60b0a77e5de9b6963848a7c508859853
83,23206,16,338,"https://www.stern.de/politik/deutschland/themen/markus-soeder-4540406.html","https://www.stern.de/",Google,60ca24df96ff107a436d72c285f1ab43
83,23243,53,338,"https://www.sonntagsblatt.de/artikel/bundestagswahl/menschen/markus-soeder-ueber-kirche-religion-glaube","https://www.sonntagsblatt.de/",Google,61041e0fb029504f98b77e806a4cc5ba
83,23337,79,339,"https://www.ziviz.de/corona","https://www.ziviz.de/",Google,6131fd4be42a6e73a5a370d2c3ad66f7
83,23365,107,339,"https://www.dahme-spreewald.info/de/Aktuelles/Informationen_zum_Coronavirus/58807.html","https://www.dahme-spreewald.info/",Google,61507256f4681919f8bbc62158496a47
83,23316,58,339,"https://www.lagus.mv-regierung.de/Gesundheit/InfektionsschutzPraevention/Daten-Corona-Pandemie","https://www.lagus.mv-regierung.de/",Google,62b8422ce7d139de6f2bf0b160c7596a
83,23377,119,339,"https://www.corona-impfzentrum-freiburg.de/","https://www.corona-impfzentrum-freiburg.de/",Google,62c45dc66c88a916358b0f7884cabb45
83,23330,72,339,"https://corona-navigator.de/","https://corona-navigator.de/",Google,639fc5bb475e1a3711f3780a55a37d0d
83,23297,39,339,"https://www.destatis.de/DE/Themen/Querschnitt/Corona/_inhalt.html","https://www.destatis.de/",Google,6446a0cea5fd0e72159c963edcfc4684
82,23005,134,336,"https://www.pcwelt.de/news/Hochwasser-Karte-Pegel-in-Echtzeit-verfolgen-11064379.html","https://www.pcwelt.de/",Google,646d75fc5736696086193d135930c41f
82,23153,62,337,"https://www.tvnow.de/serien/angela-merkel-frau-bundeskanzlerin-19757","https://www.tvnow.de/",Google,647568b1e25c35143e8bb4ec0b099401
83,23276,18,339,"https://www.tagesschau.de/newsticker/liveblog-coronavirus-mittwoch-227.html","https://www.tagesschau.de/",Google,66ce6800ed49c843040f8c6aeb44cfb7
83,23416,158,339,"https://www.domicil-seniorenresidenzen.de/standorte/ahrensburg-stadtresidenz/haus","https://www.domicil-seniorenresidenzen.de/",Google,66ece8ef7f556ed878e18ce96178dadd
82,22981,110,336,"https://www.bpb.de/gesellschaft/umwelt/hochwasserschutz/","https://www.bpb.de/",Google,67a7ca625e8678f4bd9780baf30b53d0
83,23408,150,339,"https://www.bmfsfj.de/bmfsfj/themen/corona-pandemie","https://www.bmfsfj.de/",Google,68735a5830f076e35628a02836594277
83,23303,45,339,"https://www.bodenseekreis.de/soziales-gesundheit/gesundheit/infektionsschutz/infektionskrankheiten/corona-virus/","https://www.bodenseekreis.de/",Google,68985f2ac49e4617e5f685e9e0f6af09
82,22961,90,336,"https://www.tagesspiegel.de/politik/die-hochwasser-katastrophe-und-die-folgen-welche-hilfen-die-betroffenen-jetzt-erhalten-sollen/27432694.html","https://www.tagesspiegel.de/",Google,6943448f18954517d2205061781ead14
83,23264,6,339,"https://www.zusammengegencorona.de/impfen/","https://www.zusammengegencorona.de/",Google,6980b74e8ff481ecc4f357b7b202d7b8
83,23438,180,339,"https://www.sunyaclub.de/gutschrift/","https://www.sunyaclub.de/",Google,6a0f0fe26fb8b7dc081c86f1d216c0a3
83,23283,25,339,"https://www.kreis-lippe.de/kreis-lippe/aktuelles/corona.php","https://www.kreis-lippe.de/",Google,6af1d6ada0e9fa5dd7ae97f1b87115b5
83,23428,170,339,"https://hamburg.bwkrankenhaus.de/startseite.html","https://hamburg.bwkrankenhaus.de/",Google,6b0195fbbf990bfaf86441b8230adbc4
82,23092,1,337,"https://www.tagesschau.de/inland/klage-afd-merkel-101.html","https://www.tagesschau.de/",Google,6b53702864dc2831381a2c6cd0f2699c
82,23172,81,337,"https://www.n-tv.de/panorama/Merkel-reicht-Dreyer-die-Hand-article22690790.html","https://www.n-tv.de/",Google,6ba09d6e3b2e52c25faa5fdf21d21f57
83,23271,13,339,"https://www.zdf.de/nachrichten/politik/blog-coronavirus-102.html","https://www.zdf.de/",Google,6bed104b0ca5b7c531b8c73ef77a2961
83,23406,148,339,"https://www.landratsamt-unterallgaeu.de/buergerservice/gesundheit/coronavirus","https://www.landratsamt-unterallgaeu.de/",Google,6c514a7fefdcaf4a5f39c77a84c6a019
82,22930,59,336,"https://www.duisburg.de/wohnenleben/wasser/hochwasser-vorsorge-und-schutz.php","https://www.duisburg.de/",Google,6c85527df4dab09a2deebbac57f4b5c5
83,23288,30,339,"https://www.stmgp.bayern.de/coronavirus/","https://www.stmgp.bayern.de/",Google,6cfe5bc7790216a3b2c70929214bb335
83,23426,168,339,"https://www.rabatzz.de/","https://www.rabatzz.de/",Google,6d6fe74465a0ca09c65d1b3e4b7c218c
82,23073,202,336,"https://www.24hamburg.de/","https://www.24hamburg.de/",Google,6db51b51cac747441606fe2d6472bfdb
83,23244,54,338,"https://hoffmann-und-campe.de/products/745-soeder","https://hoffmann-und-campe.de/",Google,6db643d940fe4969e36db77f1f5fe8fd
83,23447,189,339,"https://www.kicker.de/corona-ausbruch-beim-sv-darmstadt-98-866067/artikel","https://www.kicker.de/",Google,6ddee4ecc49c9565a50817e7b8f89bd3
83,23198,8,338,"https://www.bundesrat.de/SharedDocs/personen/DE/laender/by/soeder-markus.html","https://www.bundesrat.de/",Google,6e24f4b47ff49e976e7d92c1c4127009
82,23116,25,337,"https://www.hs-aalen.de/de/users/90","https://www.hs-aalen.de/",Google,6e526330a51998d5cb56bfc42f732c8e
83,23468,210,339,"https://daa.de/","https://daa.de/",Google,6f343c84bb090fcf19697a8781da0041
82,23188,97,337,"https://www.weltbild.de/","https://www.weltbild.de/",Google,6f4a8eca6d5091dfbfcbb3e579891c63
82,22955,84,336,"https://www.merkur.de/politik/merkel-kanzlerin-live-ticker-hochwasser-nrw-rheinland-pfalz-corona-sommer-pk-zr-90876387.html","https://www.merkur.de/",Google,6fa2deec7884247e3aefb8267b55c75d
82,23110,19,337,"https://www.bundesregierung.de/breg-de/bundesregierung/bundeskabinett/1131992-1131992","https://www.bundesregierung.de/",Google,7080fc6ff5795351503fb2c9d11c0757
82,22899,28,336,"https://www.umwelt.nrw.de/umwelt/umwelt-und-wasser/gewaesser/hochwasser","https://www.umwelt.nrw.de/",Google,70a301606b679746e6e9d159c27f602d
83,23293,35,339,"https://www.regierung-mv.de/corona/","https://www.regierung-mv.de/",Google,70b5aaad3c368ae7fae6faa0ff5de64e
83,23455,197,339,"https://www.schaeferhunde.de/","https://www.schaeferhunde.de/",Google,716db9de66d96cff2b4efaeb920266ca
82,22914,43,336,"https://hochwassermanagement.rlp-umwelt.de/servlet/is/8662/","https://hochwassermanagement.rlp-umwelt.de/",Google,717056352f002a8b87a68cb5e8a818b1
82,23133,42,337,"https://www.riffreporter.de/de/magazine/merkel-lexikon","https://www.riffreporter.de/",Google,71a1e487395a83088f9dba68869a6944
83,23458,200,339,"https://www.shz.de/lokales/stormarner-tageblatt/","https://www.shz.de/",Google,71de2fafb1193d9853e5f57e425ec824
83,23429,171,339,"https://www.stadt.bamberg.de/Leben/Gesundheit/Alles-Wichtige-zu-Corona/","https://www.stadt.bamberg.de/",Google,720d315cb35709e40f852c904989faef
83,23475,217,339,"https://www.multi-com.de/html/coronavirus/","https://www.multi-com.de/",Google,729d3b489b37493645ce33de29de5a00
82,22886,15,336,"https://www.bbk.bund.de/DE/Warnung-Vorsorge/Tipps-Notsituationen/Hochwasser/hochwasser_node.html","https://www.bbk.bund.de/",Google,734cdcdd8015036ad049600d8c6aec12
82,23066,195,336,"https://reitschuster.de/post/tagesthemen-missbrauchen-hochwasser-katastrophe-fuer-propaganda/","https://reitschuster.de/",Google,73981098b2e636b313b9d7927e83cdee
83,23284,26,339,"https://www.muenchen.de/rathaus/Stadtverwaltung/Referat-fuer-Gesundheit-und-Umwelt/Infektionsschutz/Neuartiges_Coronavirus.html","https://www.muenchen.de/",Google,73ed2d9c226cf447e33fe37e69cec130
82,22989,118,336,"https://www.wbv-untere-elde.de/seite/280709/hochwasserschutz.html","https://www.wbv-untere-elde.de/",Google,740880357ff2394a3f91bccbf4666658
82,23180,89,337,"https://www.boersenblatt.net/news/bestseller/neue-merkel-biografie-kratzt-top-10-186425","https://www.boersenblatt.net/",Google,7439863b700763e3d722693e2546cc4e
82,22992,121,336,"https://www.nochoffen.de/innenstadt-hochwasser-bar","https://www.nochoffen.de/",Google,7440662a7e362bcf4cd4384492a5742e
83,23232,42,338,"https://www.ardmediathek.de/video/br24-rundschau/klimaschutz-soeder-kuendigt-kraftanstrengung-an/br-fernsehen/Y3JpZDovL2JyLmRlL3ZpZGVvLzBiMGFkZDA4LTZhZDItNGI0ZC04NDUzLTA1ZjlkNjIyZGYzOQ/","https://www.ardmediathek.de/",Google,745f97c4f6c31f5f5025dab88d1ba2ea
82,23149,58,337,"https://www.express.de/politik-und-wirtschaft/hochwasser-und-corona-angela-merkel-in-der-pressekonferenz-69084","https://www.express.de/",Google,7595751e5fc7436d9c08c4c7bf6333d5
82,23115,24,337,"https://www.merkel-tiefbau.de/","https://www.merkel-tiefbau.de/",Google,75a4d674483dce6f8cdfce6e6165308f
83,23268,10,339,"https://www.kreis-stormarn.de/aktuelles/pressemeldungen/2021/zahl-der-bestaetigten-corona-faelle-in-stormarn.html","https://www.kreis-stormarn.de/",Google,75cbe23181dd49ae39b63025b2b1e236
83,23298,40,339,"https://www.arbeitsagentur.de/m/corona-grundsicherung/","https://www.arbeitsagentur.de/",Google,768e2f19a41d7f6bfc99790db26c6c29
83,23368,110,339,"https://www.schlossschule-ahrensburg.de/","https://www.schlossschule-ahrensburg.de/",Google,77443a447f51b9dc7fc3a316bac19f7c
82,23190,99,337,"https://www.jacques.de/","https://www.jacques.de/",Google,77a1606f9476c6984f27456489b7a63f
83,23287,29,339,"https://www.schleswig-holstein.de/DE/Schwerpunkte/Coronavirus/Zahlen/zahlen_node.html","https://www.schleswig-holstein.de/",Google,7880b917b7f6460309db9ef1b7028a38
82,23039,168,336,"https://www.dbv.de/","https://www.dbv.de/",Google,78c7d75c295c8893369ff6d28bb86239
82,22964,93,336,"https://www.umweltdaten.landsh.de/public/hsi/impressum.html","https://www.umweltdaten.landsh.de/",Google,79056c125e3ed3e3b487b415ac5573df
82,22969,98,336,"https://lbm.rlp.de/de/aktuelles/detail/news/News/detail/strassensperrungen-wegen-hochwasser-2/","https://lbm.rlp.de/",Google,790e61b66e8d13ca4cefd322063797f8
82,22890,19,336,"https://de.dwa.de/de/thema-hochwasser.html","https://de.dwa.de/",Google,7975c0aae8529797e90fb60f7eb3e7dd
82,23007,136,336,"https://www.ln-online.de/ahrensburg","https://www.ln-online.de/",Google,79c18c01c77f7bd6483ac6a0192e1486
83,23277,19,339,"https://www.berlin.de/corona/lagebericht/","https://www.berlin.de/",Google,7a57b58131b3a6684a6ec416c46a032e
83,23265,7,339,"https://www.infektionsschutz.de/coronavirus-sars-cov-2.html","https://www.infektionsschutz.de/",Google,7ab9730e4a5188a1b9022602a4173b02
82,22953,82,336,"https://www.otterndorf.de/strand-watt/tidenkalender","https://www.otterndorf.de/",Google,7b45e89151ad655e0d5b140dda385489
82,23150,59,337,"https://www.merkel-die-jagd.de/de/","https://www.merkel-die-jagd.de/",Google,7ce11e8c2f9c873c839fab04b8d563eb
83,23460,202,339,"https://www.aerzteblatt.de/nachrichten/125775/Corona-Einreiseregeln-bis-Mitte-September-verlaengert","https://www.aerzteblatt.de/",Google,7eb05b35003ae0c55db2a9bc367dce7c
82,23040,169,336,"https://www.hansabauberatung.de/feuchte-waende/nasse-waende-feuchte-keller.html","https://www.hansabauberatung.de/",Google,7fecbbe5e7943b0cf9e30985c2403bf0
83,23450,192,339,"https://friedhof-ahrensburg.com/","https://friedhof-ahrensburg.com/",Google,80831bb525ec9a0b29084acb723bf743
82,22987,116,336,"https://www.umweltbundesamt.de/publikationen/hochwasser","https://www.umweltbundesamt.de/",Google,80d7b18f1f0e1df679bcae0a80925d9f
83,23380,122,339,"https://www.landkreis-ostallgaeu.de/corona.html","https://www.landkreis-ostallgaeu.de/",Google,813515639cbae3d2022bf42e4199d920
82,23078,207,336,"https://www.labelversand.de/Seite-/-Kategorie-2/Umweltgefahren","https://www.labelversand.de/",Google,814dd57936842faa81aae0fd39e66108
83,23279,21,339,"https://www.dresden.de/de/leben/gesundheit/hygiene/infektionsschutz/corona.php","https://www.dresden.de/",Google,818ec412bf7e95c6d039fbdac1fd9f4e
83,23465,207,339,"https://www.jameda.de/ahrensburg/aerzte/innere-allgemeinmediziner/andreas-greve/uebersicht/81184027_1/","https://www.jameda.de/",Google,81f81919e635738187094bcae5e85bcb
83,23191,1,338,"https://www.csu-landtag.de/index.php%3Fka%3D1%26ska%3Dprofil%26pid%3D76","https://www.csu-landtag.de/",Google,82600f063baed5adf248b1f5c4316981
82,23166,75,337,"https://www.deutschlandfunk.de/flutkatastrophe-merkel-gute-alte-sirene-nuetzlicher-als.1939.de.html?drn:news_id=1282485","https://www.deutschlandfunk.de/",Google,8289ca1047a490784a1cf1d0bd33db61
82,23081,210,336,"https://www.drk-ahrensburg.de/angebote/engagement/ehrenamt.html","https://www.drk-ahrensburg.de/",Google,82ade2818e6e64fb855fe85f063a6e3e
83,23355,97,339,"https://corona.brandenburg.de/","https://corona.brandenburg.de/",Google,82ed3d9e756bd7ed3e314d97cd307781
83,23238,48,338,"https://www.tagesspiegel.de/politik/nicht-laenger-meister-des-lockdowns-warum-soeder-jetzt-beim-lockern-vorprescht/27159316.html","https://www.tagesspiegel.de/",Google,8552e9290354ef99832981c672761559
83,23325,67,339,"https://www.corona-in-zahlen.de/","https://www.corona-in-zahlen.de/",Google,857e044fa07d22ebbca344124a573b5b
82,23000,129,336,"https://www.pnp.de/lokales/landkreis-deggendorf/plattling/Auto-bei-Plattlinger-Isar-von-Wasser-mitgerissen-Frau-rettet-sich-und-Hund-4049646.html","https://www.pnp.de/",Google,8593a8d505b0c73f3ca1178aa838687d
82,22945,74,336,"https://www.ndr.de/geschichte/chronologie/Hochwasser-Katastrophe-2002-Die-Jahrhundertflut-an-der-Elbe,elbehochwasser165.html","https://www.ndr.de/",Google,861336cbd842362e36a331c769a061a7
82,23046,175,336,"https://de.windfinder.com/tide/baltische-sv_dove-elbe","https://de.windfinder.com/",Google,868112d9c00b12540dd1f181b97f907f
82,23140,49,337,"https://www.merkel-redecker.de/","https://www.merkel-redecker.de/",Google,86a4b211fc2fa1630979ecee0046905f
83,23396,138,339,"https://www.penny.de/","https://www.penny.de/",Google,86fea729205a800541646a44328e8362
82,23160,69,337,"https://www.ardmediathek.de/video/anne-will/bundeskanzlerin-angela-merkel-zu-gast-bei-anne-will/das-erste/Y3JpZDovL25kci5kZS82YmM2NjE2Zi0zNWY5LTQ0MWQtOWM1OS1kMmVkNDRkZWQxNTA/","https://www.ardmediathek.de/",Google,87cecd347b4ddf7e0e1b8dca50574d39
82,22875,4,336,"https://rp-online.de/nrw/panorama/hochwasser-in-nrw-protokoll-der-flutkatastrophe-nach-tagen-und-stunden_aid-61702613","https://rp-online.de/",Google,87e8c83cf96844cd72bdb286d706b544
82,23167,76,337,"https://www.br.de/nachrichten/deutschland-welt/angela-merkels-letzte-regierungserklaerung-abschied-ohne-traenen,SbFPyrn","https://www.br.de/",Google,889539c66a8cbcf6b118579d1eebe618
82,22993,122,336,"https://www.bildarchiv-hamburg.de/fotos/52/Hochwasser+in+Hamburg+-+Sturmflut./37/4753_0672+Hochwasser+an+der+Strandperle+-+Wellen+am+Elbufer.","https://www.bildarchiv-hamburg.de/",Google,89350c17c9be3ff431dab3bdaefd3d24
82,22967,96,336,"https://www.tz.de/muenchen/stadt/muenchen-hochwasser-isar-surfer-video-instagram-verbot-lebensgefahr-90874268.html","https://www.tz.de/",Google,893d6802049d06c5da78e5d2f866c253
82,22998,127,336,"https://www.abendzeitung-muenchen.de/muenchen/isar-hochwasser-in-muenchen-surfer-video-sorgt-fuer-aufsehen-art-743481","https://www.abendzeitung-muenchen.de/",Google,8a15593495bcc6ed7c48cad91f5252aa
83,23203,13,338,"https://www.sueddeutsche.de/bayern/bayern-soeder-fluthilfe-hochwasser-widerspruch-1.5358084","https://www.sueddeutsche.de/",Google,8a67589689c054c344af0648df42ae51
82,23148,57,337,"https://www.zeit.de/thema/angela-merkel","https://www.zeit.de/",Google,8a68d114ef79bfcf17516a8d44fb0cb9
83,23207,17,338,"https://www.evangelisch.de/personen/markus-soeder","https://www.evangelisch.de/",Google,8a6cd8ce0626b84d52f17ffc2fb2abf6
83,23307,49,339,"https://www.br.de/nachrichten/corona-virus-alles-wissenswerte,RotC6jB","https://www.br.de/",Google,8af2bc090b468975af68d6cc60732d2f
83,23419,161,339,"https://www.manhagen.de/news/","https://www.manhagen.de/",Google,8be4f668c79e40d982ae8e8f5f9d1e05
82,23032,161,336,"http://www.feuerwehr.de/","http://www.feuerwehr.de/",Google,8be576e6a81711e898c17c9a205f64e7
82,23017,146,336,"https://www.aerzteblatt.de/nachrichten/125716/Das-Hochwasser-stand-zwei-Meter-im-Untergeschoss","https://www.aerzteblatt.de/",Google,8bf0dc30fefe5c7cad6c6b7a6094f890
82,23093,2,337,"https://www.bundeskanzlerin.de/bkin-de","https://www.bundeskanzlerin.de/",Google,8cd72d6e9ed1d40222dbea7cc205494d
82,22908,37,336,"https://www.bruehl.de/hochwasserschutz.aspx","https://www.bruehl.de/",Google,8d0580d77d32f0012089aa6330d64bf0
83,23321,63,339,"https://www.potsdam.de/corona-updates-fuer-potsdam","https://www.potsdam.de/",Google,8d8786177e0f6efe23e901acfa93d918
82,23121,30,337,"https://www.stuttgarter-zeitung.de/thema/Angela_Merkel","https://www.stuttgarter-zeitung.de/",Google,8dc216dafbf70513807e3fa0a0509e97
82,22980,109,336,"https://stormarnlive.de/2020/03/29/hochwasser-in-luebeck-ueberschwemmung-an-der-obertrave/","https://stormarnlive.de/",Google,8dd4fba022423db280300eee3e68d207
83,23285,27,339,"https://www.hamburg.de/corona-zahlen/","https://www.hamburg.de/",Google,8e2de78a0ef2174bce55e4edf9df5c3f
82,23154,63,337,"https://umweltkanzlei-merkel.de/","https://umweltkanzlei-merkel.de/",Google,8e37f6b7c11778b21a452004cbdfbfc8
83,23231,41,338,"https://www.donaukurier.de/nachrichten/bayern/Landtag-Deutschland-Bayern-Soeder-will-Eckpunkte-fuer-Klimaschutzpolitik-vorstellen;art155371,4796233","https://www.donaukurier.de/",Google,8f42f06bf20d94ad058a2f07dc8e504f
82,22997,126,336,"https://www.dr-ing-binnewies.de/projekt/hochwasserschutz-hafenstrasse/","https://www.dr-ing-binnewies.de/",Google,8faec30487dc7d43d757ba8af9c9036b
83,23345,87,339,"https://www.ortenaukreis.de/Informationen-zu-CORONA-Kreisimpfzentren/","https://www.ortenaukreis.de/",Google,90392992b9980eedb1d88c0485b4bfdd
82,22946,75,336,"https://www.wa.de/nordrhein-westfalen/hochwasser-nrw-tote-euskirchen-erftstadt-blessem-hagen-sachspenden-vermisste-hilfe-armin-laschet-90866339.html","https://www.wa.de/",Google,91a23812a9c70f6a092b9eb36d76ada8
82,23173,82,337,"https://ahrensburg-portal.de/corona-merkel-nimmt-die-ruhetage-ostern-2021-zurueck/","https://ahrensburg-portal.de/",Google,91f63cd14720388843231ea725363711
82,23006,135,336,"https://www.erc09.de/termine/kategorie/hochwasser/tag/2021-08-01/","https://www.erc09.de/",Google,92797a1c937f7416df35bf3c5cc31af8
83,23282,24,339,"https://www.landkreis-stade.de/portal/seiten/corona-901000719-20350.html","https://www.landkreis-stade.de/",Google,928cf4d07e384d3d58b1b5b1a7b8c960
82,22974,103,336,"https://lsbg.hamburg.de/gewaesser-und-hochwasserschutz/4484680/niederhafen/","https://lsbg.hamburg.de/",Google,92fbf70c98bf97829ee5591bc092f4c7
83,23218,28,338,"https://www.abgeordnetenwatch.de/profile/markus-soeder","https://www.abgeordnetenwatch.de/",Google,931b2cbe5e273666808927f05aa96e5d
82,22996,125,336,"https://www.deutschlandfunk.de/starkregen-und-hochwasser-wie-der-staedtebau-auf-die.2897.de.html?dram:article_id=500373","https://www.deutschlandfunk.de/",Google,93ff286201186e2d6aa6ab7612400584
83,23300,42,339,"https://www.stadt-koeln.de/artikel/69443/index.html","https://www.stadt-koeln.de/",Google,9480b2b329aed950e5202271eacaa5cd
82,23067,196,336,"https://sveichede.de/index.php/news/236-sve-trainiert-in-der-maac-ahrensburg","https://sveichede.de/",Google,94a7d8feda7466bb0f0e6630c382f665
83,23228,38,338,"https://www.frankenpost.de/inhalt.bayern-soeder-fordert-bundesweite-solar-pflicht-fuer-neubauten.89abd8da-d0b0-445f-90a7-abbc773fe6a2.html","https://www.frankenpost.de/",Google,94d2ab0cc4716db31da09bb6b6cdd2c2
82,23131,40,337,"https://buchhandlung-merkel.buchkatalog.de/","https://buchhandlung-merkel.buchkatalog.de/",Google,959aaa0a9cc0dc94f96149ba0f1c551f
82,23049,178,336,"https://stodo.news/ff-stockelsdorf-im-nrw-einsatz","https://stodo.news/",Google,95a9e4a0c76999e5a2d0af7ede7f7f90
83,23346,88,339,"https://corona-kita-studie.de/","https://corona-kita-studie.de/",Google,95d1566f6275b9989e5e9c35fb73be5e
83,23383,125,339,"https://de.statista.com/themen/6018/corona/","https://de.statista.com/",Google,961052af481e605370fa4ff72cccba0a
83,23274,16,339,"https://www.faz.net/aktuell/wissen/thema/coronavirus","https://www.faz.net/",Google,968d0326ffe5978dff6f120588d03fe1
82,23100,9,337,"https://www.stern.de/politik/deutschland/themen/angela-merkel-4540550.html","https://www.stern.de/",Google,9699e803772e9ded99f3ea7877240b2e
83,23236,46,338,"https://www.baden-wuerttemberg.de/de/service/alle-meldungen/meldung/pid/soeder-und-kretschmann-fordern-konsequente-umsetzung-der-notbremse/","https://www.baden-wuerttemberg.de/",Google,96c2cdef62f3063f998e50a2239df1e0
82,23123,32,337,"https://www.merkelhotel.de/","https://www.merkelhotel.de/",Google,96c5b490e96440bf64c03d7ee91d3f18
82,22924,53,336,"https://www.steb-koeln.de/hochwasser-und-ueberflutungsschutz/wasserstandsvorhersage/wasserstandsvorhersage.jsp","https://www.steb-koeln.de/",Google,96cb7563c38b445c12516ffdf94deb03
82,23119,28,337,"https://www.t-online.de/nachrichten/id_71406342/angela-merkel-news-und-infos-ueber-die-bundeskanzlerin.html","https://www.t-online.de/",Google,970add47dcb54f8549ad2fdcc3ab7c69
82,23018,147,336,"https://www.boizenburg.de/portal/seiten/freiluftausstellung-einflussreich-900000035-28851.html","https://www.boizenburg.de/",Google,972aec73c9f205e707a652887e2745cd
82,22956,85,336,"https://www.tas-hochwasserschutz.de/","https://www.tas-hochwasserschutz.de/",Google,972e5b1892b89e69b80f7258996de639
83,23239,49,338,"https://www.pv-magazine.de/2021/07/21/soeder-will-bundesweite-solarpflicht-eine-verpflichtende-photovoltaik-vorschrift-in-bayern-kommt-dagegen-erstmal-nicht/","https://www.pv-magazine.de/",Google,9741a36862759e5417e524b60129c2f9
83,23422,164,339,"https://hno-ahrensburg.de/","https://hno-ahrensburg.de/",Google,989fbb726560940edaa638f8d1ebb149
82,23130,39,337,"https://web.de/magazine/politik/thema/angela-merkel","https://web.de/",Google,98cbbfcefdfcd57b75e8c9d1b1711fe8
83,23252,62,338,"https://www.phoenix.de/soeder-und-kurz-a-2151365.html","https://www.phoenix.de/",Google,9992b30eda901234127425003d7ecab2
82,23024,153,336,"https://kommunal.de/kastastrophe-hochwasser-kommunen-mehr-schutz","https://kommunal.de/",Google,99f1841336f6788bfc60426da95e3b9f
83,23254,64,338,"https://www.csu.de/partei/vorstand/gewaehlt/dr-markus-soeder-mdl/","https://www.csu.de/",Google,9a69f44962c6e78789ea29e54bd0ac6f
82,23122,31,337,"https://tu-freiberg.de/sdc/prof-dr-broder-j-merkel","https://tu-freiberg.de/",Google,9ac12604d516434612edfc173d6d12c2
82,22921,50,336,"https://www.wangen.de/buerger/leben-in-wangen/umwelt-und-entsorgung/wasser/hochwasser.html","https://www.wangen.de/",Google,9b67bd5f39e115c4211db2644fa49d62
82,23071,200,336,"https://www.flutschutz.hamburg/start/parkhaus-holzhafen/","https://www.flutschutz.hamburg/",Google,9c4371066cc1ca7f10617bfbc7c1ef89
82,23105,14,337,"https://www.tagesspiegel.de/themen/angela-merkel/","https://www.tagesspiegel.de/",Google,9c5b2365298b2b0b5254ed2d096cbd42
82,22898,27,336,"https://www.hochwasser-pass.com/","https://www.hochwasser-pass.com/",Google,9c7a4f658a65559068721b7e022cb238
82,22978,107,336,"https://moinzukunft.hamburg/live-und-in-farbe/8543382/landungsbruecken-schoen-und-sicher/","https://moinzukunft.hamburg/",Google,9e0fcd283d1226b642154cf13626ebf4
83,23423,165,339,"https://www.corona-kvwl.de/impftermin","https://www.corona-kvwl.de/",Google,9e1c0f8341b9c0eee306699825a91ea7
82,23114,23,337,"https://www.bundestag.de/dokumente/textarchiv/2021/kw25-de-regierungsbefragung-846924","https://www.bundestag.de/",Google,9f5ac5686c937cbbfadee668da674ec4
83,23328,70,339,"https://corona-os.de/","https://corona-os.de/",Google,a03ccd96817a662075b3829d784a7dc9
82,23082,211,336,"https://www.bund.net/","https://www.bund.net/",Google,a056315b80a73a3fa4e37f613912b0f3
82,23124,33,337,"https://archiv.cdu.de/kontakt-merkel","https://archiv.cdu.de/",Google,a1279056d74f2f5a83694243b36a7704
82,23079,208,336,"https://www.aol.de/","https://www.aol.de/",Google,a128d74270511df3ab293ea5e49c0cdb
82,23029,158,336,"https://www.nesshof.de/historie/11-geschichte-des-alten-landes.html","https://www.nesshof.de/",Google,a1379b3c063dd4ed9b2b49d482fbf233
82,22874,3,336,"https://rp-online.de/nrw/panorama/hochwasser-liveblog-polizei-behaelt-querdenker-im-katastrophengebiet-im-blick_aid-61347335","https://rp-online.de/",Google,a1616204a860671647faf21c86796af3
82,23015,144,336,"https://www.spektrum.de/news/hochwasser-ich-hoffe-dass-hier-irgendwann-der-groschen-faellt/1897198","https://www.spektrum.de/",Google,a19abbdff252f8fb58008b2554615572
82,22944,73,336,"https://www.sueddeutsche.de/panorama/unwetter-deutschland-hochwasser-flutkatastrophe-nrw-laschet-1.5352429","https://www.sueddeutsche.de/",Google,a1af5678b450a085c624878cbb5fefca
83,23240,50,338,"https://www.rtl.de/cms/markus-soeder-seine-tochter-gloria-sophie-wird-jetzt-model-4800655.html","https://www.rtl.de/",Google,a1b56d953feb426f5675a5c0f1245148
83,23398,140,339,"https://www.futterhaus.de/","https://www.futterhaus.de/",Google,a1d247394d02e423e06388a83e82bc62
82,22943,72,336,"https://www.gelsenkirchen.de/de/_meta/aktuelles/artikel/50055-hochwasser-so-koennen-sie-helfen","https://www.gelsenkirchen.de/",Google,a26e66f0871d3b2a4b6317fdecce7ebc
83,23413,155,339,"https://www.lzg.nrw.de/inf_schutz/corona_meldelage/index.html","https://www.lzg.nrw.de/",Google,a2a2042ac503e5fd54879aa809353f36
82,23132,41,337,"https://www.endokrinologikum-hamburg.de/ueber-uns/experten/lebenslauf-prof-dr-med-martin-merkel.html","https://www.endokrinologikum-hamburg.de/",Google,a2bff4c99a9e9839535b5900cc6434f9
82,22950,79,336,"https://www.swp.de/panorama/ueberschwemmung-hochwasser-deutschland-rlp-nrw-bw-unwetter-katastrophe-starkregen-wetter-klimawandel-niederschlag-erderwaermung-dwd-58210763.html","https://www.swp.de/",Google,a33451ac7f5cb6616580bfe9476dbd7f
82,22891,20,336,"https://www.hochwasser-rlp.de/","https://www.hochwasser-rlp.de/",Google,a3aefa9bac9fc24e008bd0307d149ead
82,23061,190,336,"https://www.watson.de/","https://www.watson.de/",Google,a3b4fa61c3e70430e48ae02744c891d9
82,22949,78,336,"https://www.infranken.de/ueberregional/bayern/hochwasser-in-bayern-weitere-fluten-oder-vorsichtiges-aufatmen-so-ist-die-aktuelle-lage-art-5247068","https://www.infranken.de/",Google,a415c73cd67a2eab5e9327adc67394c7
83,23295,37,339,"https://www.merkur.de/welt/coronavirus-sti164091/","https://www.merkur.de/",Google,a476125110a6e6c761e117c7eb5c6eca
82,23045,174,336,"https://www.antenne.com/","https://www.antenne.com/",Google,a4c2c0f1eef06eb0c6cd268b44b24b89
82,23041,170,336,"https://www.shz.de/lokales/stormarner-tageblatt/","https://www.shz.de/",Google,a509df38f5897b3325cc073027f3c61b
83,23454,196,339,"https://city-center-ahrensburg.de/","https://city-center-ahrensburg.de/",Google,a574ccd0f25472dd728b8b7ccb0d1dcb
83,23437,179,339,"https://ahrensburgerweg.de/schule-zur-zeiten-von-corona/","https://ahrensburgerweg.de/",Google,a57bf68cf3277c2a6ec2ba44f8055e80
83,23230,40,338,"https://www.aachener-nachrichten.de/nrw-region/soeder-will-kohleausstieg-bis-2030-neu-verhandeln_aid-61697205","https://www.aachener-nachrichten.de/",Google,a5b375533fbc47678630c4a77f1bff5e
83,23371,113,339,"https://wzb.eu/de/forschung/dynamiken-sozialer-ungleichheiten/arbeit-und-fuersorge/corona-alltag","https://wzb.eu/",Google,a5bdb107d2eb737464ea9aad173833b1
83,23248,58,338,"https://www.deutschlandfunkkultur.de/der-aufstieg-von-markus-soeder-soeder-ist-ein-pracht.1008.de.html?dram:article_id=402335","https://www.deutschlandfunkkultur.de/",Google,a5fd6b8a7fecb585d6697d4ad22317ec
82,23009,138,336,"https://www.aok.de/pk/rh/","https://www.aok.de/",Google,a61ca81e8e89542e10c58f3f810d30bb
82,22941,70,336,"https://www.freistaat.bayern/dokumente/leistung/03441737584","https://www.freistaat.bayern/",Google,a6f9710ca81069ce3b59f6d85107b18a
82,23141,50,337,"https://merkel-versicherungen.de/","https://merkel-versicherungen.de/",Google,a71cbcfdb5fc68adfb5b22928bac17da
82,22931,60,336,"https://www.lahnstein.de/aktuelles/hochwasser/","https://www.lahnstein.de/",Google,a77cbb9b532792759cc6ba65e7514341
83,23374,116,339,"https://www.bundestag.de/dokumente/parlamentsdokumentation/dossier","https://www.bundestag.de/",Google,a794890b4e8fba532b28c9bf30ed2e5c
83,23391,133,339,"https://www.die-ahrensburger.de/","https://www.die-ahrensburger.de/",Google,a975cc6f8c8856d5777d49164a79690a
82,22954,83,336,"https://rotary.de/hochwasser","https://rotary.de/",Google,a9a1443a1b2326644b4b33e64d0a5da2
82,23096,5,337,"https://www.hdg.de/lemo/biografie/angela-merkel.html","https://www.hdg.de/",Google,a9a556108058a34083e1d00f479fb7d1
83,23266,8,339,"https://www.baden-wuerttemberg.de/de/service/aktuelle-infos-zu-corona/aktuelle-corona-verordnung-des-landes-baden-wuerttemberg/","https://www.baden-wuerttemberg.de/",Google,a9d81b17a9b5901fedf8d3a5b00f6985
82,22917,46,336,"https://www.dieversicherer.de/versicherer/haus---garten/hochwasser-check","https://www.dieversicherer.de/",Google,a9daa762bd28b4f0daf649e7f80d7863
82,23033,162,336,"https://m.thw.de/SharedDocs/Organisationseinheiten/DE/Ortsverbaende/A/Ahrensburg_Ortsverband.html","https://m.thw.de/",Google,a9fb49bbc16fde5f9c138877969d7111
83,23209,19,338,"https://www.br.de/nachrichten/","https://www.br.de/",Google,ab457df06028957ff9fc5b04b8b2d959
83,23471,213,339,"https://www.friseur-coco.de/","https://www.friseur-coco.de/",Google,ab8e35d1e9c361ecb6c6d364bcef8600
82,22872,1,336,"https://www.hochwasserzentralen.de/","https://www.hochwasserzentralen.de/",Google,ac4c88b536692fe0a8b566a46d168471
82,23175,84,337,"https://ahrensburg24.de/tag/florian-merkel/","https://ahrensburg24.de/",Google,ac5097c457dca9fdc7dac412926824a1
82,23157,66,337,"http://hund-land-stadt.de/kirsten-merkel/","http://hund-land-stadt.de/",Google,ace66c4848243ee929de64f8d20fecf5
83,23375,117,339,"https://www.saarland.de/DE/portale/corona/impfung/impfung_node.html","https://www.saarland.de/",Google,ad02c9ca249945071cd094a629a6353a
82,22903,32,336,"https://www.mosbach.de/Hochwasser.html","https://www.mosbach.de/",Google,ad807fd96c3ce95d97b2f07b195dead5
82,23051,180,336,"https://asscurat.de/aktuelles/","https://asscurat.de/",Google,ae76c142cb4549bd51686f51d391fbf2
83,23290,32,339,"https://www.bmas.de/DE/Service/Gesetze-und-Gesetzesvorhaben/sars-cov-2-arbeitsschutzverordnung.html","https://www.bmas.de/",Google,aeda3475305640836c1b0e05ffcca460
82,22986,115,336,"https://www.arnsberg.de/hochwasserhilfe/index.php","https://www.arnsberg.de/",Google,aeecdbfc9fae30d920c240952550fd60
83,23351,93,339,"https://www.der-paritaetische.de/themen/bereichsuebergreifende-themen/corona/","https://www.der-paritaetische.de/",Google,afdb485e0e0ead49a78ac44d53e6506f
82,23060,189,336,"https://www.maxx-rohrreinigung.de/dichtheitspruefung.html","https://www.maxx-rohrreinigung.de/",Google,aff8280c3950228bf704cc709632966d
82,22958,87,336,"https://www.zeit.de/wissen/umwelt/2021-07/hochwasser-unwetterkatastrophe-folgen-nordrhein-westfalen-rheinland-pfalz-live","https://www.zeit.de/",Google,b020daf9bb720bde0dc171703d520f2e
82,23020,149,336,"https://www.ak-kurier.de/akkurier/www/artikel/104642-das-hochwasser-1909-in-wissen","https://www.ak-kurier.de/",Google,b0a652636f0af853ef9acafa7feed7b8
83,23461,203,339,"https://www.funke-ticket.de/vorverkauf.html","https://www.funke-ticket.de/",Google,b0e9725a0a7bef147cc818a8bf00dd02
83,23304,46,339,"https://www.sueddeutsche.de/politik/corona-impfung-ungeimpfte-urlaub-1.5359432","https://www.sueddeutsche.de/",Google,b1583291c627d90d6fe79fea1be7c090
82,22984,113,336,"https://www.hl-live.de/text.php?id=146205","https://www.hl-live.de/",Google,b19097e0c719a228456d1123e9e96f78
83,23417,159,339,"https://www.anonyme-alkoholiker.de/","https://www.anonyme-alkoholiker.de/",Google,b194936eb815cc039a4989be371a272a
82,23058,187,336,"https://www.stromauskunft.de/service/energienachrichten/19806014.hochwasser-energieversorger-uebernehmen-stromkosten-von-betroffenen/","https://www.stromauskunft.de/",Google,b19ec29670beafa9f2ad297aef26c99a
82,23118,27,337,"https://www.abgeordnetenwatch.de/profile/angela-merkel","https://www.abgeordnetenwatch.de/",Google,b1cc99c50ffff16a1516f969eff78bde
82,23034,163,336,"https://www.bayside.de/hochwasser/","https://www.bayside.de/",Google,b3744b61b356c0609570083d2091e7d6
83,23233,43,338,"https://www.klimareporter.de/deutschland/soeders-sanfter-klimaruck","https://www.klimareporter.de/",Google,b3f19b9ecf316d30bbf57f26b5361361
83,23432,174,339,"https://www.maredo.com/","https://www.maredo.com/",Google,b4b1c48e03039b1367ab84da825deed1
83,23310,52,339,"https://www.mannheim.de/de/corona","https://www.mannheim.de/",Google,b5b5e9694edf9b645e909614e6bb085e
82,22895,24,336,"https://www.mdr.de/brisant/hochwasser-hilfe-102.html","https://www.mdr.de/",Google,b5d0b24c4fc55ab1ef559f7da769d5af
82,23099,8,337,"https://www.welt.de/themen/angela-merkel/","https://www.welt.de/",Google,b6d0231ab2a7cd5580fb29a49a545f20
83,23333,75,339,"https://www.bmjv.de/DE/Themen/FokusThemen/Corona/Corona_node.html","https://www.bmjv.de/",Google,b7095cd59335dcc5bf1c7d34674f9c1d
82,23080,209,336,"https://www.mymuesli.com/","https://www.mymuesli.com/",Google,b784ed6bbb798236588d3e11dc8cd9f4
83,23439,181,339,"https://www.frauenaerztin-kilian.de/aktuelles/","https://www.frauenaerztin-kilian.de/",Google,b7f71e35408447917ae19faed7a2d1aa
83,23302,44,339,"https://www.kfw.de/inlandsfoerderung/Unternehmen/KfW-Corona-Hilfe/","https://www.kfw.de/",Google,b8c2641b1958dc527bbe87d3b043bdb0
83,23348,90,339,"https://www.auswaertiges-amt.de/de/ReiseUndSicherheit/10.2.8Reisewarnungen","https://www.auswaertiges-amt.de/",Google,b8e8f249f0305f8872c4748cc8bb2d7e
83,23229,39,338,"https://www.deutschlandfunk.de/bayern-soeder-wer-klimaveraenderungen-leugnet-versuendigt.2932.de.html?drn:news_id=1282805","https://www.deutschlandfunk.de/",Google,b9b903011c2a954292866ef13bcc4f1a
82,23077,206,336,"https://www.vpb.de/","https://www.vpb.de/",Google,ba2608579f5b6293de4a3e9b2fd0219c
82,22934,63,336,"https://hkc-online.de/de","https://hkc-online.de/",Google,bae356d7e9a44ac1817fbf3dd74e37fb
83,23222,32,338,"https://www.t-online.de/themen/markus-soeder","https://www.t-online.de/",Google,bb01ef530e795cc851aff92f8b27c352
82,22883,12,336,"https://www.dhl.de/de/privatkunden/information/hochwasser.html","https://www.dhl.de/",Google,bb0f4eac0f0cf82d9eaf1d80bc8c5baa
83,23289,31,339,"https://www1.wdr.de/nachrichten/themen/coronavirus/ticker-corona-virus-nrw-100.html","https://www1.wdr.de/",Google,bb15be85eeb28f36efef495305dfb620
82,22963,92,336,"https://www.dresden.de/hochwasser","https://www.dresden.de/",Google,bb244a08a72ec530a48c9905d79a8157
82,22894,23,336,"https://www.aktion-deutschland-hilft.de/de/fachthemen/natur-humanitaere-katastrophen/flut/infografik-entstehung-von-hochwasser/","https://www.aktion-deutschland-hilft.de/",Google,bb36e13317a1aa68b6cf93f878aa63b1
82,23057,186,336,"https://www.kn-online.de/","https://www.kn-online.de/",Google,bb7f70ed731cd8751c9054b04cf013bc
83,23415,157,339,"https://www.elbpneumologie.de/sars-cov-2.html","https://www.elbpneumologie.de/",Google,bbb8dc42ed13d34c561506cb0b235d02
82,23107,16,337,"https://www.handelsblatt.com/themen/angela-merkel","https://www.handelsblatt.com/",Google,bc2e8a2bf0c8385989c6c53b071d2e55
83,23292,34,339,"https://www.swr.de/swraktuell/baden-wuerttemberg/coronavirus-live-blog-in-bw-100.html","https://www.swr.de/",Google,bc51ad6a86f667e5f792f41943a10a98
83,23370,112,339,"https://www.mdr.de/nachrichten/deutschland/panorama/ticker-corona-virus-donnerstag-zweiundzwanzigster-juli-100.html","https://www.mdr.de/",Google,bc6ca1357934bed6ac85acdd6a03fee0
82,22970,99,336,"https://www.tankschutz-fago.de/informationen/risiko-hochwasser/","https://www.tankschutz-fago.de/",Google,be05b761aedf1b104024ef870a829ed4
83,23213,23,338,"https://de-de.facebook.com/markus.soder.75/","https://de-de.facebook.com/",Google,bee92b19c863ec556a52e1067cbb888c
83,23281,23,339,"https://www.hessen.de/fuer-buerger/aktuelle-informationen-zu-corona-hessen","https://www.hessen.de/",Google,bf4f1f4188c40120ac331445b0327c6e
83,23424,166,339,"https://www.ksta.de/koeln/corona-koeln-bekommt-im-april-eine-tagesration-astrazeneca-impfstoff-36349934","https://www.ksta.de/",Google,bf5fd372007f9fac0c075fddcc945111
82,23074,203,336,"https://www.harburg-aktuell.de/96-uncategorised/21859-hilfe-in-hochwassergebiet-ff-eissendorf-bereitet-sich-vor.html","https://www.harburg-aktuell.de/",Google,bfb40753cb79030596bc8f58000bfa3e
83,23349,91,339,"https://www.edvardsson-dietanzschule.de/ahrensburg/tanzschule/aktuell-corona/","https://www.edvardsson-dietanzschule.de/",Google,bfeb7534a2dce1b060a1481bb289bef5
82,23112,21,337,"https://www.merkel-krane.de/","https://www.merkel-krane.de/",Google,c0c4c13c60e534624522c8806790839a
83,23452,194,339,"https://www.lohi-fuldatal.de/de","https://www.lohi-fuldatal.de/",Google,c0ce9be20a1145a0881a6bac015d6d86
82,23187,96,337,"https://www.shz.de/orte/","https://www.shz.de/",Google,c0ffef955c24d276177fe3d9a9550ead
82,22960,89,336,"https://www.gev-versicherung.de/ratgeber/hochwasser-ueberschwemmung-elementarschutz-versicherung/","https://www.gev-versicherung.de/",Google,c1aad1b39443e640f6fe472a23d4221b
82,23062,191,336,"https://klaerwerk.info/lieferantenverzeichnis_cat/separ-chemie-gmbh/","https://klaerwerk.info/",Google,c281bae6c73dee24d2eba5bfffda2d51
82,22988,117,336,"http://www.hochwasserschutz-tehawin.de/unsere-produkte/magnetschutztuer-system-mst/","http://www.hochwasserschutz-tehawin.de/",Google,c2879dfa19a5c300fbc0dda07783040b
82,23044,173,336,"https://www.drk-suchdienst.de/","https://www.drk-suchdienst.de/",Google,c28d8d5e8c8a3d4c478a1ab1c7dd6e7b
82,22952,81,336,"https://www.derwesten.de/region/hochwasser-in-nrw-hagen-markus-lanz-spende-unwetter-wetter-laschet-merkel-flutkatastrophe-kreis-euskirchen-erftstadt-id232824709.html","https://www.derwesten.de/",Google,c2f101750ee213b17c75dbf8e21a5013
83,23320,62,339,"https://www.bild.de/ratgeber/2021/ratgeber/coronazahlen-aktuell-deutschland-rki-inzidenz-steigt-auf-10-9-75899640.bild.html","https://www.bild.de/",Google,c3ba41f6c2549976b0462cb3494ef26d
82,23174,83,337,"http://www.wellcome-online.de/","http://www.wellcome-online.de/",Google,c4a9934feba45810c6e1ea6d8cf86421
82,22947,76,336,"https://www.hamburg-port-authority.de/de/wasser/hochwasserschutz","https://www.hamburg-port-authority.de/",Google,c4ce698142669f3dad9b778ec7ba8e61
82,22926,55,336,"https://www.fwvbw.de/was-tun-bei-hochwasser,178.html","https://www.fwvbw.de/",Google,c4dcd2c7238a86189417ee7bb0d92134
83,23199,9,338,"https://www.n-tv.de/politik/Soeder-fordert-Solarpflicht-und-Kohleausstieg-2030-article22695575.html","https://www.n-tv.de/",Google,c53b90abfe8b0749f32721ec55b0e6d8
83,23472,214,339,"https://workkontor.de/aktuell/neue-arbeitsorte-covid-19/","https://workkontor.de/",Google,c5f49cd37bb6d5b27aaaf64350411a74
82,23161,70,337,"https://www.northdata.de/Merkel+%26+Schmidt+GmbH,+Ahrensburg/Amtsgericht+L%C3%BCbeck+HRB+19269+HL","https://www.northdata.de/",Google,c614b884ee7db04d5361d843ecaeb15f
82,22971,100,336,"http://exnatura.de:9099/locations/4230.html","http://exnatura.de:9099/",Google,c65bca9ab114b9aec87024e269f1abad
83,23350,92,339,"https://www.heidekreis.de/home/gesundheit-soziales/gesundheit-veterinaerwesen/coronavirus.aspx","https://www.heidekreis.de/",Google,c74cfbd05ccd9111a63ed53c21e0110d
83,23329,71,339,"https://km-bw.de/CoronaVO+Sport","https://km-bw.de/",Google,c7cd805d8911e85655262a5fcd562cf2
83,23306,48,339,"https://www.bmwi.de/Redaktion/DE/Coronavirus/coronahilfe.html","https://www.bmwi.de/",Google,c81b32c11ac1eeb3c662b3e551b69629
83,23414,156,339,"https://sports-club.de/studios/ahrensburg/","https://sports-club.de/",Google,c83a6c895be22d04c3eaee4db9b4f47a
82,23090,219,336,"https://mobilbranche.de/2020/12/app-tipp-tk-app-haelt-versicherte-in-bewegung","https://mobilbranche.de/",Google,c9049b4b6aadd82b6861c48e62b8afd1
82,22985,114,336,"https://www.mobildeich.de/","https://www.mobildeich.de/",Google,c95ae722a19ec664b5ba639610ca629e
83,23354,96,339,"https://www.ludwigsburg.de/start/rathaus+und+service/corona+7-tage-inzidenz.html","https://www.ludwigsburg.de/",Google,ca73f15b2f6a5a33e0bf66e2bb6bc9c7
83,23192,2,338,"https://www.spiegel.de/wirtschaft/soziales/kohleausstieg-markus-soeder-will-neu-verhandeln-michael-kretschmer-widerspricht-a-a0c8eb2e-0ff5-4240-b7fe-13f1e16c7614","https://www.spiegel.de/",Google,cb0be78dd99a56a7edf172a7b89c0873
83,23382,124,339,"https://www.coronafreepass.de/buchen","https://www.coronafreepass.de/",Google,cb14ba433adc00bde60827ec419d9b10
83,23409,151,339,"https://testme.hamburg/","https://testme.hamburg/",Google,cb262d6515a27e7143ecebf6862656c1
83,23336,78,339,"https://ahrensburg-portal.de/corona-krise-taegliche-news-fuer-die-region-ahrensburg/","https://ahrensburg-portal.de/",Google,cb5de176d253232930eed979fa00c167
82,22982,111,336,"https://www.focus.de/wissen/natur/meteorologie/bis-zu-200-liter-regen-regentief-bernd-bringt-naechstes-hochwasser-hier-ist-das-risiko-am-groessten_id_13487467.html","https://www.focus.de/",Google,cbaa7ec72652238684c53dbe10d0d41d
82,23183,92,337,"https://www.muensterschezeitung.de/nachrichten/politik/karlsruhe-hinterfragt-merkel-aeusserungen-zur-thueringen-wahl-2129728","https://www.muensterschezeitung.de/",Google,cc6df6afc0d148198059e18934c2c916
83,23473,215,339,"https://stormarnlive.de/2021/07/20/ahrensburg-selbsthilfegruppe-soll-long-covid-betroffenen-helfen/","https://stormarnlive.de/",Google,cc85457ac46eced337ad9b8865164eb7
83,23388,130,339,"https://www.schnelltestzentrum-ahrensburg.de/","https://www.schnelltestzentrum-ahrensburg.de/",Google,cc915ff0307e705086e2f5a4e50d0887
83,23361,103,339,"https://www.landkreis-goeppingen.de/start/_Aktuelles/coronavirus.html","https://www.landkreis-goeppingen.de/",Google,ccad2e9cd3b4c35c801ad8694c6c13b5
82,23139,48,337,"https://www.hanser-literaturverlage.de/buch/angela-merkel-ist-hitlers-tochter-im-land-der-verschwoerungstheorien/978-3-446-26028-3/","https://www.hanser-literaturverlage.de/",Google,ccdbc39a877c96c5fd3a3c72dbd96388
82,22942,71,336,"https://www.malteser-im-norden.de/news-listenansicht/news-detailansicht/news/hochwasser-bilanz-psychosoziale-hilfe-rueckt-in-den-vordergrund.html","https://www.malteser-im-norden.de/",Google,cdb7ac5e7a76a18a4c1009ab706b35b9
83,23362,104,339,"https://www.landkreis-badkissingen.de/buerger--politik/aktuelle-meldungen/informationen-zum-corona-virus/10681.Aktuelle-Meldungen-zum-Coronavirus.html","https://www.landkreis-badkissingen.de/",Google,ce90c16aabff30b9c57c6767d76589c5
82,23084,213,336,"https://www.obi.de/","https://www.obi.de/",Google,cea779e1739860c1e4d4830f1d0809ef
83,23323,65,339,"https://www.holzlandwulf.de/unternehmen/corona-infos.html","https://www.holzlandwulf.de/",Google,cf32a766fb1d698598f4457907f97e32
82,23076,205,336,"https://de.linkedin.com/in/stephanie-kock-b59489144","https://de.linkedin.com/",Google,cf39822d9786e037608a188d004767ab
82,23031,160,336,"https://www.kaufda.de/Ahrensburg/Woolworth/p-r13","https://www.kaufda.de/",Google,cfe975535981fd43b0d0aa58f4fe1f90
82,23072,201,336,"https://www.toyota.de/","https://www.toyota.de/",Google,d01b28fdba1956242f5e627158b20f5a
83,23395,137,339,"https://www.schloss-ahrensburg.de/","https://www.schloss-ahrensburg.de/",Google,d033e7746b4518da7bbce276eb56f080
82,23064,193,336,"https://www.elite-magazin.de/news/newsticker/hochwasser-schrankt-produktion-und-milcherfassung-bei-hochwald-ein-16789.html","https://www.elite-magazin.de/",Google,d06d5956f20e77ea7cc44185e8508476
83,23435,177,339,"https://www.axa.de/","https://www.axa.de/",Google,d093c51b263c391c63f6be9f8cbaa03b
82,22887,16,336,"https://www.bbk.bund.de/DE/Warnung-Vorsorge/Tipps-Notsituationen/Hochwasser/_documents/hochwasser-verhalten_dossier2.html?nn=20590","https://www.bbk.bund.de/",Google,d09d2d30a46836df80237646e45820e4
82,23168,77,337,"https://www.lto.de/recht/hintergruende/h/bverfg-2bve420-2bve520-aeusserungsbefugnis-bundeskanzlerin-merkel-afd-thueringen-wahl/","https://www.lto.de/",Google,d10cf9458991937ebba5e830ea2cb9ad
83,23315,57,339,"https://www.leverkusen.de/leben-in-lev/corona-info-leverkusen/index.php","https://www.leverkusen.de/",Google,d133710fe6f6ed534297ca582b555209
83,23319,61,339,"https://www.kreis-wesel.de/de/themen/pressemitteilungen-zum-thema-corona/","https://www.kreis-wesel.de/",Google,d1864979d5f4d2c9ab888bad6dd3ed96
83,23215,25,338,"https://www.zdf.de/nachrichten/politik/klimawandel-bayern-soeder-100.html","https://www.zdf.de/",Google,d1de11f5de6408f53c5265e5154cd59e
82,23091,220,336,"https://amomama.de/260502-tragdie-grossen-plner-see-junge-3-ist-to.html","https://amomama.de/",Google,d1f5e06df4e6a7a3059d8ed5abb975f8
83,23400,142,339,"https://www.internist-ahrensburg.de/","https://www.internist-ahrensburg.de/",Google,d22da8524fda11eb82ce7318738c2fd1
83,23261,3,339,"https://www.ndr.de/nachrichten/info/Corona-News-Ticker-Jeder-Zweite-in-Schleswig-Holstein-vollstaendig-geimpft,coronaliveticker1166.html","https://www.ndr.de/",Google,d25121e410177bec0428f48e58c82f6d
83,23372,114,339,"https://www.bremerhaven.de/de/verwaltung-politik-sicherheit/coronavirus/corona-covid-19.101427.html","https://www.bremerhaven.de/",Google,d2869fa4936c5a30d94f35d0a5a548b2
83,23403,145,339,"https://www.kirche-ahrensburg.de/","https://www.kirche-ahrensburg.de/",Google,d29fe932b33df75073c9b5c149d9fbf9
82,22973,102,336,"https://www.besser-im-blick.de/artikel/22-nachrichten/life/9772-hochwasser-katastrophe-dlrg-retter-aus-dem-landkreis-harburg-im-einsatz","https://www.besser-im-blick.de/",Google,d3054010671f1fcc99b10daa2dc92f70
83,23418,160,339,"https://www.aldi-nord.de/","https://www.aldi-nord.de/",Google,d3e705e92e3550c254ade7ca7bbe7e1d
83,23427,169,339,"https://www.deutschland.de/de/corona-virus-deutschland-ueberblick","https://www.deutschland.de/",Google,d40635812b893e3b3549be04d845f765
83,23445,187,339,"https://www.dm.de/","https://www.dm.de/",Google,d4837b15ad71be03b0e51187b82bd9f6
83,23227,37,338,"https://www.abendzeitung-muenchen.de/bayern/markus-soeder-raus-aus-der-klima-komfortzone-art-744054","https://www.abendzeitung-muenchen.de/",Google,d4f055c276c733f6129abe4a65420b0f
83,23311,53,339,"http://www.kreis-goerlitz.de/Aktuelles/Coronavirus.htm?","http://www.kreis-goerlitz.de/",Google,d5138ae0e29aadf983578419a88949db
83,23338,80,339,"https://gesundheit.jena.de/de/coronavirus","https://gesundheit.jena.de/",Google,d66f4dfda18ee7329f498341c1b9dd2e
83,23442,184,339,"https://www.im.nrw/system/files/media/document/file/Sonderbericht_2021_Verschwoerungsmythen_und_Corona-Leugner.pdf","https://www.im.nrw/",Google,d719745cba6d7ce8d201d63a9fd4fd59
82,22896,25,336,"https://www.wetter.de/cms/unwetter-in-deutschland-am-wochenende-gewitter-mit-starkregen-treffen-hochwasser-gebiete-erneut-4798919.html","https://www.wetter.de/",Google,d7342cb37bf574ccee2808682b0b9eac
83,23339,81,339,"https://www.patienten-information.de/kurzinformationen/coronavirus","https://www.patienten-information.de/",Google,d7937802dc5461a746a380d74c1db406
82,23185,94,337,"https://www.stadtwerke-ahrensburg.de/de/Kopfnavigation/Netze/Gasnetz/JN277-14-Datenblatt-GasNetz.pdf","https://www.stadtwerke-ahrensburg.de/",Google,d7f081df504349e4590dc74aa51a573c
83,23389,131,339,"https://www.quarks.de/gesundheit/medizin/corona-virus-das-wissen-wir/","https://www.quarks.de/",Google,d884bb461cbb468a5d38919cfc101f3d
82,23135,44,337,"https://www.hawk.de/de/hochschule/organisation-und-personen/personenverzeichnis/hubert-merkel","https://www.hawk.de/",Google,d89c9600b5b09c250b6a5cbfc21b894c
83,23405,147,339,"https://www.welt.de/wirtschaft/video221032152/Ein-erfreulicher-Tag-Die-aktuellen-Corona-Zahlen-erklaert.html","https://www.welt.de/",Google,d8d0d0f5fd2e06968fc3d5cd63967dc7
82,23182,91,337,"https://www.land.nrw/de/termin/bundeskanzlerin-angela-merkel-und-ministerpraesident-armin-laschet-bad-muenstereifel","https://www.land.nrw/",Google,da3448453789fe8f515bbde9eeee994f
82,23016,145,336,"https://www.buum-online.de/wasserschutzkissen-und-sperren/","https://www.buum-online.de/",Google,da7daac88dcb688361ba1f928844183f
82,23026,155,336,"https://www.geo.de/natur/15469-rtkl-hochwasser-hamburg-wenn-der-fischauktionshalle-land-unter-herrscht","https://www.geo.de/",Google,db61921bd9a23d1111757828fe9b8525
83,23258,68,338,"https://www.stimme.de/suedwesten/nachrichten/pl/aus-klimaallianz-von-soeder-und-kretschmann-wird-nichts;art19070,4511229","https://www.stimme.de/",Google,dbbb70d43cc7ae1166097d075cf625b7
82,22902,31,336,"https://www.adac.de/news/unwetter-in-deutschland/","https://www.adac.de/",Google,dbd6f4d26519e46ef9c720a76a35ee88
83,23430,172,339,"https://www.burgerking.de/","https://www.burgerking.de/",Google,dc4d61d6f327f7527efb06bfac233a48
82,22951,80,336,"https://www.augsburger-allgemeine.de/panorama/Hochwasser-aktuell-in-Deutschland-Viele-Tote-in-NRW-Rheinland-Pfalz-angespannte-Lage-in-Bayern-beim-Hochwasser-2021-id60097051.html","https://www.augsburger-allgemeine.de/",Google,dc72283c609676a2fecc2e2863a74172
82,23094,3,337,"https://www.bundeskanzlerin.de/bkin-de/angela-merkel","https://www.bundeskanzlerin.de/",Google,dc902575838171663ec57da6564fdbe3
83,23314,56,339,"https://www.adac.de/tags/corona/","https://www.adac.de/",Google,dcddda2fdd258d162658af751f3cd7c6
83,23324,66,339,"https://corona.karlsruhe.de/","https://corona.karlsruhe.de/",Google,dcdddfb0a2e64e581b3bec501870d5c2
83,23367,109,339,"https://www.landkreis-rosenheim.de/covid-19/","https://www.landkreis-rosenheim.de/",Google,dd4ae445706ee3258d6a4e6c78fb4f21
83,23378,120,339,"https://www.nbank.de/Blickpunkt/Uebersicht-der-Hilfsprogramme/index-2.jsp","https://www.nbank.de/",Google,dd82c1670282194edba9f1bd1df30c28
82,23111,20,337,"http://www.stickereimerkel.de/","http://www.stickereimerkel.de/",Google,dec698ac570ea593ee0665258abe044c
82,22915,44,336,"https://www.betterplace.org/de/fundraising-events/38304-hochwasserhilfe-spenden-fuer-hochwasser-betroffene","https://www.betterplace.org/",Google,df95d5c052b6ec3c08b2bc6f0ea82eb6
82,23189,98,337,"https://www.deutschepost.de/de/s/standorte.html","https://www.deutschepost.de/",Google,dfa91cec4862916e16967a8aa93f8795
82,23014,143,336,"https://www.op-online.de/region/hanau/hochwasser-hanau-main-langenselbold-kinzig-offenbach-feuerwehr-pegel-90186088.html","https://www.op-online.de/",Google,dff7bed76f176e345503c3d23bdc22e0
82,23023,152,336,"https://www.versicherungsjournal.de/medienspiegel-artikel.php?id=10792","https://www.versicherungsjournal.de/",Google,e00ddf2ccc730f7389245961b3410695
82,22906,35,336,"https://www.chip.de/downloads/webapp-Hochwasser-Karte_164059769.html","https://www.chip.de/",Google,e054deafb831013be0cc7cf37a417f65
83,23369,111,339,"https://www.oberhausen.de/de/index/rathaus/verwaltung/umwelt-gesundheit-und-mobilitat/gesundheit/aktuelle_informationen/informationen_zum_coronavirus/aktuelle_meldungen.php","https://www.oberhausen.de/",Google,e15d1937660602ab836da66e544af335
82,23053,182,336,"https://www.cdu-grosshansdorf.de/","https://www.cdu-grosshansdorf.de/",Google,e1b6ffd2f136b89c149ae13bbb8f8dfd
83,23352,94,339,"https://www.flensburg.de/Aktuelles/Corona-Portal/Aktuelle-Lagemeldungen/Aktuelles-Infektionsgeschehen","https://www.flensburg.de/",Google,e1eb4e0a2edb70cc4a61b98b18a93f1f
82,22979,108,336,"https://gezeitenfisch.com/de/niedersachsen/bremervorde-oste","https://gezeitenfisch.com/",Google,e2248754d4f5b2e899f260cf55da0c50
82,22968,97,336,"https://www.wz.de/nrw/wuppertal/fridays-for-future-wuppertal-das-hochwasser-ist-ein-warnschuss_aid-61702213","https://www.wz.de/",Google,e2b389de11c9f139ed45e55328d48627
83,23364,106,339,"https://niehausapotheken.de/","https://niehausapotheken.de/",Google,e3ca06d427ee2fdbb412a85288b03c45
83,23242,52,338,"https://www.swr.de/swraktuell/radio/taeglich-neue-vorschlaege-was-bezweckt-soeder-mit-seiner-politik-100.html","https://www.swr.de/",Google,e3d7697eb7339956347d27d4db31c804
83,23356,98,339,"https://www.emsland.de/buerger-behoerde/aktuell/coronavirus/das-coronavirus.html","https://www.emsland.de/",Google,e3f395611e19370a07b001a72b6f6e0c
82,23083,212,336,"https://www.apotheke-adhoc.de/nachrichten/detail/apothekenpraxis/hamburg-easy-apotheke-bietet-erezept/","https://www.apotheke-adhoc.de/",Google,e423090af746f9a4cf753b8831359f75
82,23010,139,336,"https://www.ostsee-zeitung.de/Mecklenburg/Grevesmuehlen/Spendenaktion-in-der-Palmberghalle-Schoenberg-fuer-die-Flutopfer","https://www.ostsee-zeitung.de/",Google,e45aeea97e1e03853fc49bf2179eb0ef
82,22881,10,336,"https://www.t-online.de/nachhaltigkeit/id_90486970/hochwasser-so-erklaeren-sich-viele-deutsche-den-katastrophalen-starkregen.html","https://www.t-online.de/",Google,e49400cd7accf39274b0df89f75f77c0
83,23259,1,339,"https://www.rki.de/DE/Content/InfAZ/N/Neuartiges_Coronavirus/Fallzahlen.html","https://www.rki.de/",Google,e4eae028a2425a5e6b983842d1d54754
82,23101,10,337,"https://www.mdr.de/nachrichten/deutschland/merkel-wahl-kemmerich-bundesverfassungsgericht-100.html","https://www.mdr.de/",Google,e4ec42ded3b30f92f11362223ccdd714
83,23457,199,339,"https://www.dw.com/de/spahn-warnt-vor-corona-inzidenz-von-mehr-als-800-im-oktober/a-58582453","https://www.dw.com/",Google,e4ee0d85072183b9f23971fc291ad2a4
83,23272,14,339,"https://www.zdf.de/nachrichten/thema/coronavirus-covid-19-100.html","https://www.zdf.de/",Google,e4f0a87a1c00ac50b0ae36c42b7831aa
82,23075,204,336,"https://www.tag24.de/hamburg","https://www.tag24.de/",Google,e5176726d93581d36f233f3ed47dbc30
83,23456,198,339,"https://www.bargteheideaktuell.de/","https://www.bargteheideaktuell.de/",Google,e69547c71acb3311f510d2879ea0e9bc
82,22904,33,336,"https://www.wuppertal.de/presse/meldungen/meldungen-2021/juli21/spendenkonten.php","https://www.wuppertal.de/",Google,e6cbedcad01512b755c1d2f3039f15e6
82,23169,78,337,"https://www.ndr.de/nachrichten/info/","https://www.ndr.de/",Google,e6e1cf0014596b6438393a0a4fd626fd
83,23326,68,339,"https://www.tagesspiegel.de/berlin/coronavirus-in-berlin-inzidenz-in-einer-woche-fast-verdoppelt-auf-22-6/25655678.html","https://www.tagesspiegel.de/",Google,e7356a72a292e154a14b40c2903c0856
82,22925,54,336,"https://www.wetteronline.de/pegelstaende","https://www.wetteronline.de/",Google,e7a69d62336a88008fbc5d872fc8bcc3
82,22957,86,336,"https://www.tk.de/techniker/leistungen-und-mitgliedschaft/informationen-versicherte/hochwasser-hilfe-2111428","https://www.tk.de/",Google,e7cb5f9e61208f7d487d9b68cfc63673
82,23147,56,337,"https://www.fr.de/panorama/angela-merkel-bundespressekonferenz-berlin-fragen-medien-bundeskanzlerin-live-zr-90876419.html","https://www.fr.de/",Google,e7fb4b94b7202bfda27238ab19d8667b
83,23301,43,339,"https://www.kreis-re.de/Inhalte/Buergerservice/Gesundheit_und_Ernaehrung/Infektionsschutz/Coronavirus.asp","https://www.kreis-re.de/",Google,e884f4bebd08d9a8625f28cf747def9a
82,23011,140,336,"https://www.cdu.de/artikel/hochwasser-hilfen-beschlossen?utm_source=rss&utm_medium=rss&utm_term=rss&utm_content=rss&utm_campaign=rss","https://www.cdu.de/",Google,e89fde0e52349ae5d161b2dd1b6ce888
82,22920,49,336,"https://www.umwelt.sachsen.de/umwelt/infosysteme/lhwz/index.html","https://www.umwelt.sachsen.de/",Google,ea1419af248fd928a157beccd8031e69
82,22918,47,336,"https://www.sauerlandkurier.de/nordrhein-westfalen/nach-hochwasser-fuenf-beliebte-seen-gesperrt-zyx-90876376.html","https://www.sauerlandkurier.de/",Google,ea577a28fc08a4dbccaf1d2731a8998e
83,23214,24,338,"https://www.handelsblatt.com/themen/markus-soeder","https://www.handelsblatt.com/",Google,ea858bb164d9d30b0ac20f8701c44455
83,23404,146,339,"https://ingolstadt2020.de/besuch/corona/","https://ingolstadt2020.de/",Google,eaaa75777042d0cd00c066a435222361
83,23443,185,339,"https://www.hotel-am-schloss.de/","https://www.hotel-am-schloss.de/",Google,ebc5438fab5d0f68c1de8f79d57f2bc4
83,23425,167,339,"https://www.dak.de/","https://www.dak.de/",Google,ed51410178ad3a196bc14aa249e24354
82,22880,9,336,"https://www.morgenpost.de/vermischtes/article232792277/hochwasser-news-passau-berchtesgarden-erftstadt-nrw-tote-unwetter.html","https://www.morgenpost.de/",Google,edb939c305df97aef548f880a292c3cc
82,22965,94,336,"https://www.schleswig-holstein.de/DE/Fachinhalte/H/hochwasserschutz/ueberschwemmungsgebiete.html","https://www.schleswig-holstein.de/",Google,ee13f8da0955851ea0088e3f8d426b75
82,22976,105,336,"https://www.ahrensburg.de/Bildung-Kultur/Stadtb%C3%BCcherei/Gew%C3%A4sseraufsicht.php?object=tx,2603.11&ModID=10&FID=57.500.1","https://www.ahrensburg.de/",Google,ee9a271f46d7ae01015aa1e5b05eaea0
83,23412,154,339,"https://www.badlantic.de/","https://www.badlantic.de/",Google,ee9c57a57585eff8f811a8a98fbaf67b
83,23331,73,339,"https://corona.thueringen.de/","https://corona.thueringen.de/",Google,eea5beef5956f8671bcba27a30a977ab
83,23436,178,339,"https://toom.de/m/ahrensburg-beimoorweg/","https://toom.de/",Google,ef3b6e51bd058e042ea6a76b98b734eb
83,23474,216,339,"https://www.kaufda.de/Ahrensburg/Penny-Markt/p-r75","https://www.kaufda.de/",Google,ef55b24fa82cdf1b2cc3d0c2b4ed9688
83,23200,10,338,"https://www.tagesschau.de/thema/s%C3%B6der/","https://www.tagesschau.de/",Google,ef6532390655af82dc29eaf700501d6d
83,23247,57,338,"https://daserste.ndr.de/panorama/archiv/2020/Der-neue-Soeder-Ganz-der-alte,soeder176.html","https://daserste.ndr.de/",Google,ef706c3cd23cad681c2a4e16c69756c1
83,23220,30,338,"https://taz.de/Markus-Soeder/!t5022389/","https://taz.de/",Google,ef8695fd8864becdc83e65acc8686a2d
83,23387,129,339,"https://www.mags.nrw/coronavirus-rechtlicheregelungen-nrw","https://www.mags.nrw/",Google,efb7a58ecce0e9f5b87fba69ae57fb23
82,22939,68,336,"https://www.bsh.de/DE/DATEN/Vorhersagen/Wasserstand_Nordsee/wasserstand_nordsee_node.html","https://www.bsh.de/",Google,f033753abdee46a04f5b4a23460143c9
82,23001,130,336,"https://intranet.tuhh.de/aktuell/pressemitteilung_einzeln.php?id=13496&Lang=de","https://intranet.tuhh.de/",Google,f0abe70f097da257698161dfe69cc575
83,23291,33,339,"https://www.bmi.bund.de/SharedDocs/faqs/DE/themen/bevoelkerungsschutz/coronavirus/coronavirus-faqs.html","https://www.bmi.bund.de/",Google,f0b775478c10bf65666b5c47f4c8c811
83,23420,162,339,"https://www.profamilia.de/","https://www.profamilia.de/",Google,f0f123eeeed09043c8a97bb4b6a54b55
83,23373,115,339,"https://covid-karte.de/","https://covid-karte.de/",Google,f14d7a31cbfb47198b5e16e27a7a2d96
82,23087,216,336,"https://www.fruchtportal.de/artikel/desinfektion-mit-uv-c-licht-im-supermarkt-edeka-clausen-in-hamburg/050394","https://www.fruchtportal.de/",Google,f2fc49b8b240e23071311a09c30007a3
83,23308,50,339,"https://www.ingolstadt.de/Home/Informationen-zum-Coronavirus.php?object=tx,2789.5&ModID=7&FID=3052.12561.1&NavID=2789.411","https://www.ingolstadt.de/",Google,f31351cac30adb60b8b2759489b51aac
82,23048,177,336,"https://www.santander.de/privatkunden/","https://www.santander.de/",Google,f3818b6917367e148fa6aa3dd0355421
83,23448,190,339,"https://www.verdi.de/themen/corona/++co++37f4d360-58b0-11ea-8408-525400b665de","https://www.verdi.de/",Google,f40702f65b7cd86fffc821cde38a7ccd
83,23463,205,339,"https://www.dgb.de/themen/++co++fdb5ec24-5946-11ea-8e68-52540088cada","https://www.dgb.de/",Google,f4d3bbbfb63e73a335b5b6266682f518
83,23250,60,338,"https://www1.wdr.de/daserste/monitor/sendungen/corona-soeder-entzaubert-100.html","https://www1.wdr.de/",Google,f5c2dff7451c86d282b248448ef8df88
83,23363,105,339,"https://www.drk.de/","https://www.drk.de/",Google,f5ce7d91b4d24fad377b40572fac608d
83,23344,86,339,"https://www.wdrmaus.de/extras/mausthemen/corona/index.php5","https://www.wdrmaus.de/",Google,f608b9181bd44376c0e6090955a09dae
82,23129,38,337,"https://www.dw.com/de/angela-merkel/t-17268299","https://www.dw.com/",Google,f60e49cc22760b4f25fd0acb6e6466da
82,22916,45,336,"https://www1.wdr.de/aktionen/hochwasser-hilfe-suche-biete-formular-kontakt-100.html","https://www1.wdr.de/",Google,f811aa61a874e3666b4cfea4bf48027c
83,23390,132,339,"https://deinkostenlosercoronatest.de/","https://deinkostenlosercoronatest.de/",Google,f87b3ebad763ad67d1e8145567a29cb0
83,23309,51,339,"https://www.dortmund.de/de/leben_in_dortmund/nachrichtenportal/alle_nachrichten/nachricht.jsp?nid=622746","https://www.dortmund.de/",Google,f892289e78aae31054719dae335bfbe0
82,23098,7,337,"https://www.focus.de/politik/deutschland/analyse-von-ulrich-reitz-afd-schleift-merkel-vor-gericht-und-spaltet-weiter-munter-das-buergerliche-lager_id_13518441.html","https://www.focus.de/",Google,f8982419f55d2407b5fd512ca8955d3e
82,23103,12,337,"https://www.augsburger-allgemeine.de/personen/angela-merkel","https://www.augsburger-allgemeine.de/",Google,f8a78482a61a7b70129a18121c9f6a9d
82,23146,55,337,"https://www.derwesten.de/politik/angela-merkel-kanzlerin-cdu-blazer-rtl-bundeskanzlerin-bundestagswahl-id232766853.html","https://www.derwesten.de/",Google,f9b854d39d6495d8107487495373b39a
83,23449,191,339,"https://www.nuernberg.de/internet/stadtportal/informationen_fuer_erkrankte.html","https://www.nuernberg.de/",Google,f9ed5b7dec4cd5ea4a39c6f59e845c5f
83,23225,35,338,"https://www.pnp.de/nachrichten/bayern/Jetzt-live-Soeder-stellt-Eckpunkte-fuer-kuenftige-Klimaschutzpolitik-vor-4048897.html","https://www.pnp.de/",Google,f9ffcf00cb65df84710e6247f89eb554
82,22907,36,336,"https://www.hochwasser.de/","https://www.hochwasser.de/",Google,fa3fd043bc22a4c746c3a2ac32628331
83,23255,65,338,"https://www.bild.de/politik/inland/politik-inland/kanzlerkandidatur-jetzt-rechnet-csu-chef-markus-soeder-mit-armin-laschet-ab-76173962.bild.html","https://www.bild.de/",Google,fa6a8749d3c36c3ec6aa0c0010ae412f
82,22966,95,336,"https://www.saechsische.de/wetter/starkregen-und-hochwasser-in-sachsen-5487197.html","https://www.saechsische.de/",Google,fa9348d4823658b16ee1b214ad7b5e1b
82,22885,14,336,"https://www.dwd.de/DE/wetter/warnungen_aktuell/naturgefahren/hochwasser.html","https://www.dwd.de/",Google,fab28b601fe44460c8ae14c00266bd79
82,23179,88,337,"https://rp-online.de/politik/deutschland/angela-merkel-afd-verklagt-bundeskanzlerin-in-karlsruhe_aid-61699815","https://rp-online.de/",Google,faba0a681b5af9aa5d40caf96a87d8cf
82,22994,123,336,"https://www.itzehoer-wasser-wanderer.de/tidenkalender.html","https://www.itzehoer-wasser-wanderer.de/",Google,fb127644de063bf6820e0c711d36c070
82,22876,5,336,"https://www.bild.de/news/2021/news/hochwasser-in-deutschland-flut-sorgte-fuer-riesige-sperrmuell-mengen-alle-news-im-ticker-77083926.bild.html","https://www.bild.de/",Google,fb554199269fadb1b8a4050f9ec9d6f8
83,23197,7,338,"https://www.bayern.de/staatsregierung/ministerpraesidenten-und-kabinette-seit-1945/dr-markus-soeder/","https://www.bayern.de/",Google,fbdb7f1327057bd4f69182915643904f
83,23332,74,339,"https://www.t-online.de/nachrichten/panorama/id_90432432/corona-news-bundesregierung-beschliesst-reiseerleichterungen-fuer-geimpfte.html","https://www.t-online.de/",Google,fc81369ae71098ef9194c91646ca40a9
83,23381,123,339,"https://www.tag24.de/thema/coronavirus","https://www.tag24.de/",Google,fca0ce5b755d774ee1cdc1dc2a80ac54
82,23171,80,337,"https://www.badische-zeitung.de/merkel-stellt-sich-fragen-der-hauptstadt-journalisten--203561095.html","https://www.badische-zeitung.de/",Google,fcc59a220030ca4f1221e2fa0b3750b6
82,22897,26,336,"https://www.ruhrtalradweg.de/Strecke/Hochwasserumfahrungen","https://www.ruhrtalradweg.de/",Google,ffa42e4d1b1939420299cbf3fc85d10d